{
	"credit": "Made with Blockbench",
	"texture_size": [64, 64],
	"textures": {
		"0": "supplementaries:block/cannon",
		"particle": "supplementaries:block/cannon"
	},
	"elements": [
		{
			"from": [0, 0, 0],
			"to": [16, 2, 16],
			"faces": {
				"north": {"uv": [4, 4, 8, 4.5], "texture": "#0"},
				"east": {"uv": [0, 4, 4, 4.5], "texture": "#0"},
				"south": {"uv": [12, 4, 16, 4.5], "texture": "#0"},
				"west": {"uv": [8, 4, 12, 4.5], "texture": "#0"},
				"up": {"uv": [8, 4, 4, 0], "texture": "#0"},
				"down": {"uv": [12, 0, 8, 4], "texture": "#0"}
			}
		},
		{
			"from": [0, 2, 5],
			"to": [2, 12, 11],
			"rotation": {"angle": 0, "axis": "y", "origin": [0, 2, 5]},
			"faces": {
				"north": {"uv": [1.5, 1.5, 2, 4], "texture": "#0"},
				"east": {"uv": [0, 1.5, 1.5, 4], "texture": "#0"},
				"south": {"uv": [3.5, 1.5, 4, 4], "texture": "#0"},
				"west": {"uv": [2, 1.5, 3.5, 4], "texture": "#0"},
				"up": {"uv": [2, 1.5, 1.5, 0], "texture": "#0"},
				"down": {"uv": [2.5, 0, 2, 1.5], "texture": "#0"}
			}
		},
		{
			"from": [14, 2, 5],
			"to": [16, 12, 11],
			"rotation": {"angle": 0, "axis": "y", "origin": [16, 2, 5]},
			"faces": {
				"north": {"uv": [2, 1.5, 1.5, 4], "texture": "#0"},
				"east": {"uv": [3.5, 1.5, 2, 4], "texture": "#0"},
				"south": {"uv": [4, 1.5, 3.5, 4], "texture": "#0"},
				"west": {"uv": [1.5, 1.5, 0, 4], "texture": "#0"},
				"up": {"uv": [1.5, 1.5, 2, 0], "texture": "#0"},
				"down": {"uv": [2, 0, 2.5, 1.5], "texture": "#0"}
			}
		},
		{
			"from": [2.5, 3.5, 1.5],
			"to": [13.5, 14.5, 13.5],
			"rotation": {"angle": 22.5, "axis": "x", "origin": [8, 9, 7.5]},
			"faces": {
				"north": {"uv": [3.25, 7.75, 6.25, 10.75], "texture": "#0"},
				"east": {"uv": [0, 7.75, 3.25, 10.75], "texture": "#0"},
				"south": {"uv": [9.5, 7.75, 12.5, 10.75], "texture": "#0"},
				"west": {"uv": [6.25, 7.75, 9.5, 10.75], "texture": "#0"},
				"up": {"uv": [6.25, 7.75, 3.25, 4.5], "texture": "#0"},
				"down": {"uv": [9.25, 4.5, 6.25, 7.75], "texture": "#0"}
			}
		},
		{
			"from": [2, 3, 1],
			"to": [14, 15, 4],
			"rotation": {"angle": 22.5, "axis": "x", "origin": [8, 9, 7.5]},
			"faces": {
				"north": {"uv": [1.5, 13, 4.5, 16], "texture": "#0"},
				"east": {"uv": [0.75, 13, 1.5, 16], "texture": "#0"},
				"south": {"uv": [5.25, 13, 8.25, 16], "texture": "#0"},
				"west": {"uv": [4.5, 13, 5.25, 16], "texture": "#0"},
				"up": {"uv": [4.5, 13, 1.5, 12.25], "texture": "#0"},
				"down": {"uv": [7.5, 12.25, 4.5, 13], "texture": "#0"}
			}
		}
	],
	"display": {
		"thirdperson_righthand": {
			"rotation": [75, 45, 0],
			"translation": [0, 2.5, 0],
			"scale": [0.375, 0.375, 0.375]
		},
		"thirdperson_lefthand": {
			"rotation": [75, 45, 0],
			"translation": [0, 2.5, 0],
			"scale": [0.375, 0.375, 0.375]
		},
		"firstperson_righthand": {
			"rotation": [0, 45, 0],
			"scale": [0.4, 0.4, 0.4]
		},
		"firstperson_lefthand": {
			"rotation": [0, 225, 0],
			"scale": [0.4, 0.4, 0.4]
		},
		"ground": {
			"translation": [0, 3, 0],
			"scale": [0.25, 0.25, 0.25]
		},
		"gui": {
			"rotation": [30, 225, 0],
			"translation": [0, 0.75, 0],
			"scale": [0.68, 0.68, 0.68]
		},
		"fixed": {
			"scale": [0.5, 0.5, 0.5]
		}
	}
}