{
  "model": {
    "type": "minecraft:select",
    "cases": [
      {
        "model": {
          "type": "minecraft:model",
          "model": "minecraft:item/copper_torch"
        },
        "when": [
          "thirdperson_lefthand",
          "thirdperson_righthand",
          "firstperson_lefthand",
          "firstperson_righthand"
        ]
      }
    ],
    "fallback": {
      "type": "minecraft:model",
      "model": "minecraft:item/copper_torch_item"
    },
    "property": "minecraft:display_context"
  }
}