{
    "model": {
        "type": "minecraft:condition",
        "property": "minecraft:using_item",
        "on_false": {
            "type": "minecraft:model",
            "model": "minecraft:item/potion_0",
            "tints": [
            {
                "type": "minecraft:potion",
                "default": -13083194
            }
            ]
        },
        "on_true": {
            "property": "minecraft:use_duration",
            "scale": 0.03,
            "type": "minecraft:range_dispatch",
            "entries": [
                {
                    "model": {
                        "type": "minecraft:model",
                        "model": "minecraft:item/potion_0",
                        "tints": [
                        {
                            "type": "minecraft:potion",
                            "default": -13083194
                        }
                        ]
                    },
                    "threshold": 0.2
                },
                {
                    "model": {
                        "type": "minecraft:model",
                        "model": "minecraft:item/potion_1",
                        "tints": [
                        {
                            "type": "minecraft:potion",
                            "default": -13083194
                        }
                        ]
                    },
                    "threshold": 0.4
                },
                {
                    "model": {
                        "type": "minecraft:model",
                        "model": "minecraft:item/potion_2",
                        "tints": [
                        {
                            "type": "minecraft:potion",
                            "default": -13083194
                        }
                        ]
                    },
                    "threshold": 0.6
                },
                {
                    "model": {
                        "type": "minecraft:model",
                        "model": "minecraft:item/potion_3",
                        "tints": [
                        {
                            "type": "minecraft:potion",
                            "default": -13083194
                        }
                        ]
                    },
                    "threshold": 0.8
                }
            ],
            "fallback": {
                "type": "minecraft:model",
                "model": "minecraft:item/potion_0",
                "tints": [
                {
                    "type": "minecraft:potion",
                    "default": -13083194
                }
                ]
            }
        }
    }
}