{
    "providers": [
    {
        "type": "space",
        "advances": {
            "\uE999": -1,
            "\uE998": -128,
            "\uE997": 167,
            "\uE996": 1,
            "\uE995": -98,
            "\uE994": -46,
            
            "\uE993": -256,
            "\uE990": -257,
            "\uE992": 51,
            "\uE991":-51,
            "\uE989": 41,
            "\uE988":-41
        }
    },
	
	
	

	
	
	
	{ "type": "bitmap",
            "file": "minecraft:lang_symbols/gui/villager_left.png",
            "ascent": 71, "height": 256,
            "chars": ["\uE051"]
        
	},
	{ "type": "bitmap",
            "file": "minecraft:lang_symbols/gui/villager_right.png",
            "ascent": 71, "height": 256,
            "chars": ["\uE052"]
        
	},
	
	{ "type": "bitmap",
            "file": "minecraft:lang_symbols/gui/burnace.png",
            "ascent": 49, "height": 256,
            "chars": ["\uE053"]
        
	},
	{ "type": "bitmap",
            "file": "minecraft:lang_symbols/gui/smoki.png",
            "ascent": 49, "height": 256,
            "chars": ["\uE054"]
        
	},
	
	{ "type": "bitmap",
            "file": "minecraft:lang_symbols/gui/amwil.png",
            "ascent": 49, "height": 256,
            "chars": ["\uE055"]
        
	},
	{ "type": "bitmap",
            "file": "minecraft:lang_symbols/gui/hoppare.png",
            "ascent": 82, "height": 256,
            "chars": ["\uE056"]
        
	},
	{ "type": "bitmap",
            "file": "minecraft:lang_symbols/gui/bwast.png",
            "ascent": 74, "height": 256,
            "chars": ["\uE057"]
        
	},
	
	
	
	{ "type": "bitmap",
            "file": "minecraft:lang_symbols/gui/villager_lvl1.png",
            "ascent": 6, "height": 8,
            "chars": ["\uE021"]
        
	},
	{ "type": "bitmap",
            "file": "minecraft:lang_symbols/gui/villager_lvl2.png",
            "ascent": 6, "height": 8,
            "chars": ["\uE022"]
        
	},
	{ "type": "bitmap",
            "file": "minecraft:lang_symbols/gui/villager_lvl3.png",
            "ascent": 6, "height": 8,
            "chars": ["\uE023"]
        
	},
	{ "type": "bitmap",
            "file": "minecraft:lang_symbols/gui/villager_lvl4.png",
            "ascent": 6, "height": 8,
            "chars": ["\uE024"]
        
	},
	{ "type": "bitmap",
            "file": "minecraft:lang_symbols/gui/villager_lvl5.png",
            "ascent": 6, "height": 8,
            "chars": ["\uE025"]
        
	},	





	{ "type": "bitmap",
            "file": "minecraft:gui/sprites/shopkeeper/villager_idle1.png",
            "ascent": 54, "height": 256,
            "chars": ["\uE026"]
        
	},
	{ "type": "bitmap",
            "file": "minecraft:gui/sprites/shopkeeper/villager_idle2.png",
            "ascent": 32, "height": 256,
            "chars": ["\uE027"]
        
	},
    { "type": "bitmap",
            "file": "minecraft:gui/sprites/shopkeeper/villager_idle3.png",
            "ascent": 10, "height": 256,
            "chars": ["\uE028"]
        
	},
    { "type": "bitmap",
            "file": "minecraft:gui/sprites/shopkeeper/villager_idle4.png",
            "ascent": -12, "height": 256,
            "chars": ["\uE029"]
        
	},
    { "type": "bitmap",
            "file": "minecraft:gui/sprites/shopkeeper/villager_idle5.png",
            "ascent": -34, "height": 256,
            "chars": ["\uE030"]
        
	},
	{ "type": "bitmap",
            "file": "minecraft:gui/sprites/shopkeeper/villager_eyes1.png",
            "ascent": 16, "height": 256,
            "chars": ["\uE031"]
        
	},


	
	{ "type": "bitmap",
            "file": "minecraft:lang_symbols/menu_modlist/test_desc01.png",
            "ascent": 12, "height": 192,
            "chars": ["\uE001"]
        
	},
	{ "type": "bitmap",
            "file": "minecraft:lang_symbols/menu_modlist/test_desc02.png",
            "ascent": 12, "height": 192,
            "chars": ["\uE002"]
	},
	
	{ "type": "bitmap",
            "file": "minecraft:lang_symbols/gui/game_menu.png",
            "ascent": 40, "height": 64,
            "chars": ["\uE004"]
	}
	
    ]
}
