{
	"credit": "Made with Blockbench",
"textures": {
		"particle": "#texture"
	},
	"elements": [
		{
			"from": [5, 0, 5],
			"to": [11, 2, 11],
			
			"faces": {
				"north": {"uv": [6, 0, 12, 2], "texture": "#texture"},
				"east": {"uv": [6, 2, 12, 4], "texture": "#texture"},
				"south": {"uv": [6, 4, 12, 6], "texture": "#texture"},
				"west": {"uv": [0, 6, 6, 8], "texture": "#texture"},
				"up": {"uv": [6, 6, 0, 0], "texture": "#texture"},
				"down": {"uv": [6, 0, 0, 6], "texture": "#texture", "cullface": "down"}
			}
		}
	],
	"gui_light": "front",
	"display": {
		"thirdperson_righthand": {
			"rotation": [46, 46, -1.35],
			"translation": [0, 4.25, 2.75],
			"scale": [0.69336, 0.74414, 0.73438]
		},
		"thirdperson_lefthand": {
			"rotation": [46, 46, -1.35],
			"translation": [0, 4.25, 2.75],
			"scale": [0.69336, 0.74414, 0.73438]
		},
		"firstperson_righthand": {
			"rotation": [11.45, 38.35, 10.03],
			"translation": [1.75, 5.75, 2.75],
			"scale": [0.69336, 0.74414, 0.73438]
		},
		"firstperson_lefthand": {
			"rotation": [11.45, 38.35, 10.03],
			"translation": [1.75, 5.75, 2.75],
			"scale": [0.69336, 0.74414, 0.73438]
		},
		"ground": {
			"translation": [0, 4.5, 0]
		},
		"gui": {
			"rotation": [28.8, 53.67, -0.69],
			"translation": [0, 5.25, 0],
			"scale": [1, 1, 1]
		},
		"head": {
			"translation": [0, 14.25, 0]
		},
		"fixed": {
			"rotation": [-90, 0, 0],
			"translation": [0, 0, -11],
			"scale": [1.5, 1.5, 1.5]
		}
	}
}