{
  "minecraft:the_void": 0,
  "minecraft:plains": 0,
  "minecraft:stony_peaks": 0,
  "minecraft:beach": 0,
  "minecraft:forest": 0,
  "minecraft:birch_forest": 0,
  "minecraft:old_growth_birch_forest": 0,
  "minecraft:meadow": 0,
  "minecraft:river": 0,
  "minecraft:ocean": 0,
  "minecraft:deep_ocean": 0,
  "minecraft:dripstone_caves": 0,
  "minecraft:sunflower_plains": 1,
  "minecraft:desert": 1,
  "minecraft:savanna": 1,
  "minecraft:savanna_plateau": 1,
  "minecraft:windswept_savanna": 1,
  "minecraft:nether_wastes": 1,
  "minecraft:warped_forest": 1,
  "minecraft:crimson_forest": 1,
  "minecraft:soul_sand_valley": 1,
  "minecraft:basalt_deltas": 9,
  "minecraft:snowy_plains": 2,
  "minecraft:windswept_forest": 2,
  "minecraft:snowy_taiga": 2,
  "minecraft:snowy_beach": 2,
  "minecraft:cold_ocean": 2,
  "minecraft:deep_cold_ocean": 2,
  "minecraft:ice_spikes": 2,
  "minecraft:grove": 2,
  "minecraft:frozen_river": 2,
  "minecraft:snowy_slopes": 2,
  "minecraft:frozen_peaks": 2,
  "minecraft:jagged_peaks": 2,
  "minecraft:frozen_ocean": 2,
  "minecraft:deep_frozen_ocean": 2,
  "minecraft:the_end": 2,
  "minecraft:end_highlands": 2,
  "minecraft:end_midlands": 2,
  "minecraft:small_end_islands": 2,
  "minecraft:end_barrens": 2,
  "minecraft:dark_forest": 3,
  "minecraft:taiga": 3,
  "minecraft:old_growth_pine_taiga": 3,
  "minecraft:old_growth_spruce_taiga": 3,
  "minecraft:windswept_gravelly_hills": 3,
  "minecraft:stony_shore": 3,
  "minecraft:windswept_hills": 3,
  "minecraft:flower_forest": 4,
  "minecraft:warm_ocean": 4,
  "minecraft:lukewarm_ocean": 4,
  "minecraft:deep_lukewarm_ocean": 4,
  "minecraft:lush_caves": 4,
  "minecraft:pale_garden": 5,
  "minecraft:jungle": 6,
  "minecraft:sparse_jungle": 6,
  "minecraft:bamboo_jungle": 6,
  "minecraft:mushroom_fields": 6,
  "minecraft:cherry_grove": 7,
  "minecraft:deep_dark": 8,
  "minecraft:badlands": 9,
  "minecraft:eroded_badlands": 9,
  "minecraft:wooded_badlands": 9,
  "minecraft:swamp": 10,
  "minecraft:mangrove_swamp": 10,
  "texture_size": 11
}