{
  "minecraft:the_void": 0,
  "minecraft:plains": 0,
  "minecraft:stony_peaks": 0,
  "minecraft:beach": 0,
  "minecraft:sunflower_plains": 1,
  "minecraft:snowy_plains": 2,
  "minecraft:windswept_forest": 2,
  "minecraft:snowy_taiga": 2,
  "minecraft:snowy_beach": 2,
  "minecraft:cold_ocean": 2,
  "minecraft:deep_cold_ocean": 2,
  "minecraft:ice_spikes": 3,
  "minecraft:grove": 3,
  "minecraft:frozen_river": 3,
  "minecraft:snowy_slopes": 3,
  "minecraft:frozen_peaks": 3,
  "minecraft:jagged_peaks": 3,
  "minecraft:frozen_ocean": 3,
  "minecraft:deep_frozen_ocean": 3,
  "minecraft:desert": 4,
  "minecraft:swamp": 5,
  "minecraft:mangrove_swamp": 6,
  "minecraft:forest": 7,
  "minecraft:flower_forest": 8,
  "minecraft:mushroom_fields": 8,
  "minecraft:birch_forest": 9,
  "minecraft:old_growth_birch_forest": 9,
  "minecraft:dark_forest": 10,
  "minecraft:pale_garden": 11,
  "minecraft:taiga": 12,
  "minecraft:old_growth_pine_taiga": 12,
  "minecraft:old_growth_spruce_taiga": 12,
  "minecraft:savanna": 13,
  "minecraft:savanna_plateau": 13,
  "minecraft:windswept_savanna": 13,
  "minecraft:windswept_gravelly_hills": 14,
  "minecraft:stony_shore": 14,
  "minecraft:windswept_hills": 14,
  "minecraft:jungle": 15,
  "minecraft:sparse_jungle": 16,
  "minecraft:bamboo_jungle": 16,
  "minecraft:badlands": 17,
  "minecraft:eroded_badlands": 17,
  "minecraft:wooded_badlands": 17,
  "minecraft:meadow": 18,
  "minecraft:cherry_grove": 19,
  "minecraft:river": 20,
  "minecraft:warm_ocean": 21,
  "minecraft:lukewarm_ocean": 21,
  "minecraft:deep_lukewarm_ocean": 21,
  "minecraft:ocean": 21,
  "minecraft:deep_ocean": 21,
  "minecraft:dripstone_caves": 22,
  "minecraft:lush_caves": 23,
  "minecraft:deep_dark": 24,
  "minecraft:nether_wastes": 25,
  "minecraft:warped_forest": 25,
  "minecraft:crimson_forest": 25,
  "minecraft:soul_sand_valley": 25,
  "minecraft:basalt_deltas": 25,
  "minecraft:the_end": 26,
  "minecraft:end_highlands": 26,
  "minecraft:end_midlands": 26,
  "minecraft:small_end_islands": 26,
  "minecraft:end_barrens": 26,
  "texture_size": 27
}