{
    "model":{
        "type":"minecraft:select",
        "property":"minecraft:component",
        "component":"minecraft:item_name",
        "cases": [
            {
                "when":{
                    "translate":"filled_map.monument"
                },
                "model":{
                    "type":"minecraft:model",
                    "model":"minecraft:item/map_ocean_monument"
                }
            },
            {
                "when":{
                    "translate":"filled_map.mansion"
                },
                "model":{
                    "type":"minecraft:model",
                    "model":"minecraft:item/map_mansion"
                }
            },
            {
                "when":{
                    "translate":"filled_map.buried_treasure"
                },
                "model":{
                    "type":"minecraft:model",
                    "model":"minecraft:item/map_treasure"
                }
            }
        ],
        "fallback":{
            "type":"minecraft:model",
            "model":"minecraft:item/filled_map"
        }
    }
}