{
  "model": {
    "type": "minecraft:select",
    "property": "minecraft:component",
    "component": "minecraft:custom_name",
 "cases": [
      {
        "when": "Ryzhik",
        "model": {
          "type": "minecraft:model",
          "model": "minecraft:item/ryzhik"
        }
      },
      {
        "when": "Xleb",
        "model": {
          "type": "minecraft:model",
          "model": "minecraft:item/xleb"
        }
      }
    ],
    "fallback": {
          "type": "minecraft:model",
          "model": "minecraft:item/name_tag"
    }
  }
}