{
	"ambientocclusion": false,
	"texture_size": [32, 32],
	"textures": {
		"particle": "#break"
	},
	"elements": [
		{
			"from": [-3, 0, 8],
			"to": [19, 22, 8],
			"shade": false,
			"rotation": {"angle": 45, "axis": "y", "origin": [8, 0, 8]},
			"faces": {
				"north": {"uv": [2.5, 5, 13.5, 16], "texture": "#cross"},
				"east": {"uv": [2.5, 5, 2.5, 16], "texture": "#cross"},
				"south": {"uv": [2.5, 5, 13.5, 16], "texture": "#cross"},
				"west": {"uv": [2.5, 5, 2.5, 16], "texture": "#cross"},
				"up": {"uv": [2.5, 5, 13.5, 5], "texture": "#cross"},
				"down": {"uv": [2.5, 5, 13.5, 5], "texture": "#cross"}
			}
		},
		{
			"from": [-3, 0, 8],
			"to": [19, 22, 8],
			"shade": false,
			"rotation": {"angle": -45, "axis": "y", "origin": [8, 0, 8]},
			"faces": {
				"north": {"uv": [2.5, 5, 13.5, 16], "texture": "#cross"},
				"east": {"uv": [2.5, 5, 2.5, 16], "texture": "#cross"},
				"south": {"uv": [2.5, 5, 13.5, 16], "texture": "#cross"},
				"west": {"uv": [2.5, 5, 2.5, 16], "texture": "#cross"},
				"up": {"uv": [2.5, 5, 13.5, 5], "texture": "#cross"},
				"down": {"uv": [2.5, 5, 13.5, 5], "texture": "#cross"}
			}
		}
	]
}