{
	"ambientocclusion": false,
	"texture_size": [32, 32],
	"textures": {
		"1": "block/big_fire2",
		"2": "block/fire_floor",
		"particle": "block/fire2"
	},
	"elements": [
		{
			"from": [-3, 0, 8],
			"to": [19, 22, 8],
			"shade": false,
			"rotation": {"angle": 45, "axis": "y", "origin": [8, 0, 8]},
			"faces": {
				"north": {"uv": [2.5, 5, 13.5, 16], "texture": "#1"},
				"east": {"uv": [2.5, 5, 2.5, 16], "texture": "#missing"},
				"south": {"uv": [2.5, 5, 13.5, 16], "texture": "#1"},
				"west": {"uv": [2.5, 5, 2.5, 16], "texture": "#missing"},
				"up": {"uv": [2.5, 5, 13.5, 5], "texture": "#missing"},
				"down": {"uv": [2.5, 5, 13.5, 5], "texture": "#missing"}
			}
		},
		{
			"from": [-3, 0, 8],
			"to": [19, 22, 8],
			"shade": false,
			"rotation": {"angle": -45, "axis": "y", "origin": [8, 0, 8]},
			"faces": {
				"north": {"uv": [2.5, 5, 13.5, 16], "texture": "#1"},
				"east": {"uv": [2.5, 5, 2.5, 16], "texture": "#missing"},
				"south": {"uv": [2.5, 5, 13.5, 16], "texture": "#1"},
				"west": {"uv": [2.5, 5, 2.5, 16], "texture": "#missing"},
				"up": {"uv": [2.5, 5, 13.5, 5], "texture": "#missing"},
				"down": {"uv": [2.5, 5, 13.5, 5], "texture": "#missing"}
			}
		},
		{
			"from": [0, 0.01, 0],
			"to": [16, 0.01, 16],
			"shade": false,
			"faces": {
				"north": {"uv": [0, 0, 8, 0], "texture": "#missing"},
				"east": {"uv": [0, 0, 8, 0], "texture": "#missing"},
				"south": {"uv": [0, 0, 8, 0], "texture": "#missing"},
				"west": {"uv": [0, 0, 8, 0], "texture": "#missing"},
				"up": {"uv": [0, 0, 16, 16], "texture": "#2"}
			}
		}
	]
}