{
	"ambientocclusion": false,
	"textures": {
		"1": "block/rail_corner_under",
		"2": "block/rail_corner_upper",
		"particle": "block/rail"
	},
	"elements": [
		{
			"from": [0, 1, 0],
			"to": [16, 1, 16],
			"faces": {
				"up": {"uv": [0, 0, 16, 16], "texture": "#1"},
				"down": {"uv": [0, 16, 16, 0], "texture": "#1"}
			}
		},
		{
			"from": [0, 2, 0],
			"to": [16, 2, 16],
			"faces": {
				"up": {"uv": [0, 0, 16, 16], "texture": "#2"},
				"down": {"uv": [0, 16, 16, 0], "texture": "#2"}
			}
		}
	]
}