{
	"ambientocclusion": false,
	"textures": {
		"1": "block/rail_tilted_upper",
		"2": "block/rail_tilted_under",
		"particle": "block/rail"
	},
	"elements": [
		{
			"from": [0, 10, 0],
			"to": [16, 10, 16],
			"rotation": {"angle": 45, "axis": "x", "origin": [8, 10, 8], "rescale": true},
			"faces": {
				"up": {"uv": [0, 5, 8, 16], "texture": "#1"},
				"down": {"uv": [0, 16, 8, 5], "texture": "#1"}
			}
		},
		{
			"from": [0, 9, 0],
			"to": [16, 9, 16],
			"rotation": {"angle": 45, "axis": "x", "origin": [8, 9, 8], "rescale": true},
			"faces": {
				"up": {"uv": [0, 2.5, 8, 13.5], "texture": "#2"},
				"down": {"uv": [0, 13.5, 8, 2.5], "texture": "#2"}
			}
		}
	]
}