{
	"credit": "Made with Blockbench",
	"ambientocclusion": false,
	"texture_size": [32, 16],
	"textures": {
		"particle": "#cross"
	},
	"elements": [
		{
			"from": [-3, 0, 8],
			"to": [19, 16, 8],
			"shade": false,
			"rotation": {"angle": 45, "axis": "y", "origin": [8, 0, 8]},
			"faces": {
				"north": {"uv": [2.5, 0, 13.5, 16], "texture": "#cross", "tintindex": 0},
				"east": {"uv": [2.5, 0, 2.5, 16], "texture": "#cross", "tintindex": 0},
				"south": {"uv": [2.5, 0, 13.5, 16], "texture": "#cross", "tintindex": 0},
				"west": {"uv": [2.5, 0, 2.5, 16], "texture": "#cross", "tintindex": 0},
				"up": {"uv": [2.5, 0, 13.5, 0], "texture": "#cross", "tintindex": 0},
				"down": {"uv": [2.5, 0, 13.5, 0], "texture": "#cross", "tintindex": 0}
			}
		},
		{
			"from": [-3, 0, 8],
			"to": [19, 16, 8],
			"shade": false,
			"rotation": {"angle": -45, "axis": "y", "origin": [8, 0, 8]},
			"faces": {
				"north": {"uv": [2.5, 0, 13.5, 16], "texture": "#cross", "tintindex": 0},
				"east": {"uv": [2.5, 0, 2.5, 16], "texture": "#cross", "tintindex": 0},
				"south": {"uv": [2.5, 0, 13.5, 16], "texture": "#cross", "tintindex": 0},
				"west": {"uv": [2.5, 0, 2.5, 16], "texture": "#cross", "tintindex": 0},
				"up": {"uv": [2.5, 0, 13.5, 0], "texture": "#cross", "tintindex": 0},
				"down": {"uv": [2.5, 0, 13.5, 0], "texture": "#cross", "tintindex": 0}
			}
		}
	]
}