{
    "variants": {
        "snowy=false": [
            { "model": "block/mycelium", "weight": 8 },
{ "model": "block/mycelium2", "weight": 10 },
{ "model": "block/mycelium3", "weight": 10 },
{ "model": "block/mycelium4", "weight": 1 },
{ "model": "block/mycelium5", "weight": 1 },
{ "model": "block/mycelium6", "weight": 10 }
        ],
        "snowy=true": [
            { "model":"block/grass_block_snow", "weight": 8 },
{ "model":"block/grass_block_snow2", "weight": 10 },
{ "model":"block/grass_block_snow3", "weight": 10 },
{ "model":"block/grass_block_snow4", "weight": 1 },
{ "model":"block/grass_block_snow5", "weight": 1 },
{ "model":"block/grass_block_snow6", "weight": 10 }
        ]
    }
}
