{
    "variants":{
        "snowy=false":[
            { "model":"block/podzol", "weight": 1 },
			{ "model":"block/podzol","y":90, "weight": 1},
			{ "model":"block/podzol","y":180, "weight": 1}, 
			{ "model":"block/podzol","y":270, "weight": 1},
			{ "model":"block/podzol2", "weight": 1},
			{ "model":"block/podzol2","y":90, "weight": 1},
			{ "model":"block/podzol2","y":180, "weight": 1}, 
			{ "model":"block/podzol2","y":270, "weight": 1},
			{ "model":"block/podzol3", "weight": 3},
			{ "model":"block/podzol3","y":90, "weight": 3},
			{ "model":"block/podzol3","y":180, "weight": 3}, 
			{ "model":"block/podzol3","y":270, "weight": 3},
			{ "model":"block/podzol4", "weight": 3},
			{ "model":"block/podzol4","y":90, "weight": 3},
			{ "model":"block/podzol4","y":180, "weight": 3}, 
			{ "model":"block/podzol4","y":270, "weight": 3},
			{ "model":"block/podzol5", "weight": 3},
			{ "model":"block/podzol5","y":90, "weight": 3},
			{ "model":"block/podzol5","y":180, "weight": 3}, 
			{ "model":"block/podzol5","y":270, "weight": 3},
			{ "model":"block/podzol6", "weight": 3},
			{ "model":"block/podzol6","y":90, "weight": 3},
			{ "model":"block/podzol6","y":180, "weight": 3}, 
			{ "model":"block/podzol6","y":270, "weight": 3}
        ],
        "snowy=true": [
			{ "model":"block/grass_block_snow", "weight": 1},
			{ "model":"block/grass_block_snow","y":90, "weight": 1},
			{ "model":"block/grass_block_snow","y":180, "weight": 1}, 
			{ "model":"block/grass_block_snow","y":270, "weight": 1},
			{ "model":"block/grass_block_snow2", "weight": 1},
			{ "model":"block/grass_block_snow2","y":90, "weight": 1},
			{ "model":"block/grass_block_snow2","y":180, "weight": 1}, 
			{ "model":"block/grass_block_snow2","y":270, "weight": 1},
			{ "model":"block/grass_block_snow3", "weight": 3},
			{ "model":"block/grass_block_snow3","y":90, "weight": 3},
			{ "model":"block/grass_block_snow3","y":180, "weight": 3}, 
			{ "model":"block/grass_block_snow3","y":270, "weight": 3},
			{ "model":"block/grass_block_snow4", "weight": 3},
			{ "model":"block/grass_block_snow4","y":90, "weight": 3},
			{ "model":"block/grass_block_snow4","y":180, "weight": 3}, 
			{ "model":"block/grass_block_snow4","y":270, "weight": 3},
			{ "model":"block/grass_block_snow5", "weight": 3},
			{ "model":"block/grass_block_snow5","y":90, "weight": 3},
			{ "model":"block/grass_block_snow5","y":180, "weight": 3}, 
			{ "model":"block/grass_block_snow5","y":270, "weight": 3},
			{ "model":"block/grass_block_snow6", "weight": 3},
			{ "model":"block/grass_block_snow6","y":90, "weight": 3},
			{ "model":"block/grass_block_snow6","y":180, "weight": 3}, 
			{ "model":"block/grass_block_snow6","y":270, "weight": 3}
		]
    }
}
