{
	"format_version": "1.21.6",
	"credit": "Made with Blockbench",
	"textures": {
		"particle": "block/dragon_egg",
		"egg": "block/dragon_egg"
	},
	"elements": [
		{
			"from": [4, 13, 4],
			"to": [12, 16, 12],
			"rotation": {"angle": 0, "axis": "y", "origin": [0, 1, 0]},
			"faces": {
				"north": {"uv": [4, 0, 12, 3], "texture": "#egg"},
				"east": {"uv": [4, 0, 12, 3], "texture": "#egg"},
				"south": {"uv": [4, 0, 12, 3], "texture": "#egg"},
				"west": {"uv": [4, 0, 12, 3], "texture": "#egg"},
				"up": {"uv": [4, 4, 12, 12], "texture": "#egg"}
			}
		},
		{
			"from": [2, 9, 2],
			"to": [14, 13, 14],
			"rotation": {"angle": 0, "axis": "y", "origin": [0, -2, 0]},
			"faces": {
				"north": {"uv": [2, 3, 14, 7], "texture": "#egg"},
				"east": {"uv": [2, 3, 14, 7], "texture": "#egg"},
				"south": {"uv": [2, 3, 14, 7], "texture": "#egg"},
				"west": {"uv": [2, 3, 14, 7], "texture": "#egg"},
				"up": {"uv": [2, 2, 14, 14], "texture": "#egg"}
			}
		},
		{
			"from": [1, 0, 1],
			"to": [15, 9, 15],
			"rotation": {"angle": 0, "axis": "y", "origin": [0, -2, 0]},
			"faces": {
				"north": {"uv": [1, 7, 15, 16], "texture": "#egg"},
				"east": {"uv": [1, 7, 15, 16], "texture": "#egg"},
				"south": {"uv": [1, 7, 15, 16], "texture": "#egg"},
				"west": {"uv": [1, 7, 15, 16], "texture": "#egg"},
				"up": {"uv": [1, 1, 15, 15], "texture": "#egg"},
				"down": {"uv": [1, 1, 15, 15], "texture": "#egg"}
			}
		}
	],
	"groups": [
		{
			"name": "base",
			"origin": [0, -2, 0],
			"color": 0,
			"children": [0, 1, 2]
		}
	]
}