{
	"credit": "Made by Vaguely Interesting Fella",
	"texture_size": [32, 32],
	"textures": {
		"0": "item/fishing_rod",
		"1": "item/carrot_on_a_stick",
		"particle": "item/fishing_rod"
	},
	"elements": [
		{
			"from": [0, 1, 7.5],
			"to": [2, 2, 8.5],
			"faces": {
				"north": {"uv": [1, 8, 0, 8.5], "texture": "#0"},
				"east": {"uv": [1, 8, 0.5, 8.5], "texture": "#0"},
				"south": {"uv": [0, 8, 1, 8.5], "texture": "#0"},
				"west": {"uv": [0, 8, 0.5, 8.5], "texture": "#0"},
				"up": {"uv": [0.5, 7.5, 1.5, 8], "texture": "#0"},
				"down": {"uv": [0, 8, 1, 8.5], "texture": "#0"}
			}
		},
		{
			"from": [1, 0, 7.5],
			"to": [2, 1, 8.5],
			"faces": {
				"north": {"uv": [1, 8.5, 0.5, 9], "texture": "#0"},
				"east": {"uv": [1, 8.5, 0.5, 9], "texture": "#0"},
				"south": {"uv": [0.5, 8.5, 1, 9], "texture": "#0"},
				"west": {"uv": [0.5, 8.5, 1, 9], "texture": "#0"},
				"up": {"uv": [1.5, 7.5, 2, 8], "texture": "#0"},
				"down": {"uv": [0.5, 8.5, 1, 9], "texture": "#0"}
			}
		},
		{
			"from": [1, 2, 7.5],
			"to": [3, 3, 8.5],
			"faces": {
				"north": {"uv": [1, 8, 0, 8.5], "texture": "#0"},
				"east": {"uv": [1, 8, 0.5, 8.5], "texture": "#0"},
				"south": {"uv": [0.5, 7.5, 1.5, 8], "texture": "#0"},
				"west": {"uv": [0, 8, 0.5, 8.5], "texture": "#0"},
				"up": {"uv": [1, 7, 2, 7.5], "texture": "#0"},
				"down": {"uv": [0, 8, 1, 8.5], "texture": "#0"}
			}
		},
		{
			"from": [2, 1, 7.5],
			"to": [3, 2, 8.5],
			"faces": {
				"north": {"uv": [1, 8.5, 0.5, 9], "texture": "#0"},
				"east": {"uv": [1, 8.5, 0.5, 9], "texture": "#0"},
				"south": {"uv": [1, 8, 1.5, 8.5], "texture": "#0"},
				"west": {"uv": [0.5, 8.5, 1, 9], "texture": "#0"},
				"up": {"uv": [2, 7, 2.5, 7.5], "texture": "#0"},
				"down": {"uv": [0.5, 8.5, 1, 9], "texture": "#0"}
			}
		},
		{
			"from": [2, 3, 7.5],
			"to": [4, 4, 8.5],
			"faces": {
				"north": {"uv": [1, 8, 0, 8.5], "texture": "#0"},
				"east": {"uv": [1, 8, 0.5, 8.5], "texture": "#0"},
				"south": {"uv": [1, 7, 2, 7.5], "texture": "#0"},
				"west": {"uv": [0, 8, 0.5, 8.5], "texture": "#0"},
				"up": {"uv": [1.5, 6.5, 2.5, 7], "texture": "#0"},
				"down": {"uv": [0, 8, 1, 8.5], "texture": "#0"}
			}
		},
		{
			"from": [3, 2, 7.5],
			"to": [4, 3, 8.5],
			"faces": {
				"north": {"uv": [1, 8.5, 0.5, 9], "texture": "#0"},
				"east": {"uv": [1, 8.5, 0.5, 9], "texture": "#0"},
				"south": {"uv": [1.5, 7.5, 2, 8], "texture": "#0"},
				"west": {"uv": [0.5, 8.5, 1, 9], "texture": "#0"},
				"up": {"uv": [2.5, 6.5, 3, 7], "texture": "#0"},
				"down": {"uv": [0.5, 8.5, 1, 9], "texture": "#0"}
			}
		},
		{
			"from": [3, 4, 7.5],
			"to": [5, 5, 8.5],
			"faces": {
				"north": {"uv": [1, 8, 0, 8.5], "texture": "#0"},
				"east": {"uv": [1, 8, 0.5, 8.5], "texture": "#0"},
				"south": {"uv": [1.5, 6.5, 2.5, 7], "texture": "#0"},
				"west": {"uv": [0, 8, 0.5, 8.5], "texture": "#0"},
				"up": {"uv": [2, 6, 3, 6.5], "texture": "#0"},
				"down": {"uv": [0, 8, 1, 8.5], "texture": "#0"}
			}
		},
		{
			"from": [4, 3, 7.5],
			"to": [5, 4, 8.5],
			"faces": {
				"north": {"uv": [1, 8.5, 0.5, 9], "texture": "#0"},
				"east": {"uv": [1, 8.5, 0.5, 9], "texture": "#0"},
				"south": {"uv": [2, 7, 2.5, 7.5], "texture": "#0"},
				"west": {"uv": [0.5, 8.5, 1, 9], "texture": "#0"},
				"up": {"uv": [3, 6, 3.5, 6.5], "texture": "#0"},
				"down": {"uv": [0.5, 8.5, 1, 9], "texture": "#0"}
			}
		},
		{
			"from": [4, 5, 7.5],
			"to": [6, 6, 8.5],
			"faces": {
				"north": {"uv": [1, 8, 0, 8.5], "texture": "#0"},
				"east": {"uv": [1, 8, 0.5, 8.5], "texture": "#0"},
				"south": {"uv": [2, 6, 3, 6.5], "texture": "#0"},
				"west": {"uv": [0, 8, 0.5, 8.5], "texture": "#0"},
				"up": {"uv": [2.5, 5.5, 3.5, 6], "texture": "#0"},
				"down": {"uv": [0, 8, 1, 8.5], "texture": "#0"}
			}
		},
		{
			"from": [6, 5, 7.5],
			"to": [8, 6, 8.5],
			"faces": {
				"north": {"uv": [3.5, 6.5, 2.5, 7], "texture": "#0"},
				"east": {"uv": [3.5, 6.5, 3, 7], "texture": "#0"},
				"south": {"uv": [2.5, 6.5, 3.5, 7], "texture": "#0"},
				"west": {"uv": [0.5, 8.5, 1, 9], "texture": "#0"},
				"up": {"uv": [3.5, 5.5, 4, 6], "texture": "#0"},
				"down": {"uv": [2.5, 6.5, 3.5, 7], "texture": "#0"}
			}
		},
		{
			"from": [5, 6, 7.5],
			"to": [7, 7, 8.5],
			"faces": {
				"north": {"uv": [1, 8, 0, 8.5], "texture": "#0"},
				"east": {"uv": [1, 8, 0.5, 8.5], "texture": "#0"},
				"south": {"uv": [2.5, 5.5, 3.5, 6], "texture": "#0"},
				"west": {"uv": [0, 8, 0.5, 8.5], "texture": "#0"},
				"up": {"uv": [3, 5, 4, 5.5], "texture": "#0"},
				"down": {"uv": [0, 8, 1, 8.5], "texture": "#0"}
			}
		},
		{
			"from": [5, 4, 7.5],
			"to": [6, 5, 8.5],
			"faces": {
				"north": {"uv": [1, 8.5, 0.5, 9], "texture": "#0"},
				"east": {"uv": [1, 8.5, 0.5, 9], "texture": "#0"},
				"south": {"uv": [3, 6, 3.5, 6.5], "texture": "#0"},
				"west": {"uv": [0.5, 8.5, 1, 9], "texture": "#0"},
				"up": {"uv": [3.5, 5.5, 4, 6], "texture": "#0"},
				"down": {"uv": [0.5, 8.5, 1, 9], "texture": "#0"}
			}
		},
		{
			"from": [6, 7, 7.5],
			"to": [8, 8, 8.5],
			"faces": {
				"north": {"uv": [1, 8, 0, 8.5], "texture": "#0"},
				"east": {"uv": [1, 8, 0.5, 8.5], "texture": "#0"},
				"south": {"uv": [3, 5, 4, 5.5], "texture": "#0"},
				"west": {"uv": [0, 8, 0.5, 8.5], "texture": "#0"},
				"up": {"uv": [3, 5, 4, 5.5], "texture": "#0"},
				"down": {"uv": [0, 8, 1, 8.5], "texture": "#0"}
			}
		},
		{
			"from": [7, 6, 7.5],
			"to": [8, 7, 8.5],
			"faces": {
				"north": {"uv": [1, 8.5, 0.5, 9], "texture": "#0"},
				"east": {"uv": [1, 8.5, 0.5, 9], "texture": "#0"},
				"south": {"uv": [3.5, 5.5, 4, 6], "texture": "#0"},
				"west": {"uv": [0.5, 8.5, 1, 9], "texture": "#0"},
				"up": {"uv": [3.5, 5.5, 4, 6], "texture": "#0"},
				"down": {"uv": [0.5, 8.5, 1, 9], "texture": "#0"}
			}
		},
		{
			"from": [6, 8, 7.5],
			"to": [9, 9, 8.5],
			"faces": {
				"north": {"uv": [4, 5, 2.5, 5.5], "texture": "#0"},
				"east": {"uv": [1, 8, 0.5, 8.5], "texture": "#0"},
				"south": {"uv": [3, 4.5, 4.5, 5], "texture": "#0"},
				"west": {"uv": [2.5, 5, 3, 5.5], "texture": "#0"},
				"up": {"uv": [2.5, 5, 4, 5.5], "texture": "#0"},
				"down": {"uv": [0, 8, 1, 8.5], "texture": "#0"}
			}
		},
		{
			"from": [8, 7, 7.5],
			"to": [9, 8, 8.5],
			"faces": {
				"north": {"uv": [1, 8.5, 0.5, 9], "texture": "#0"},
				"east": {"uv": [1, 8.5, 0.5, 9], "texture": "#0"},
				"south": {"uv": [4, 5, 4.5, 5.5], "texture": "#0"},
				"west": {"uv": [0.5, 8.5, 1, 9], "texture": "#0"},
				"up": {"uv": [3.5, 5.5, 4, 6], "texture": "#0"},
				"down": {"uv": [0.5, 8.5, 1, 9], "texture": "#0"}
			}
		},
		{
			"from": [8, 10, 7.5],
			"to": [11, 11, 8.5],
			"faces": {
				"north": {"uv": [4, 5, 2.5, 5.5], "texture": "#0"},
				"east": {"uv": [1, 8, 0.5, 8.5], "texture": "#0"},
				"south": {"uv": [4, 3.5, 5.5, 4], "texture": "#0"},
				"west": {"uv": [2.5, 5, 3, 5.5], "texture": "#0"},
				"up": {"uv": [7.5, 0, 9, 0.5], "texture": "#0"},
				"down": {"uv": [0, 8, 1, 8.5], "texture": "#0"}
			}
		},
		{
			"from": [10, 9, 7.5],
			"to": [11, 10, 8.5],
			"faces": {
				"north": {"uv": [1, 8.5, 0.5, 9], "texture": "#0"},
				"east": {"uv": [1, 8.5, 0.5, 9], "texture": "#0"},
				"south": {"uv": [5, 4, 5.5, 4.5], "texture": "#0"},
				"west": {"uv": [0.5, 8.5, 1, 9], "texture": "#0"},
				"up": {"uv": [3.5, 5.5, 4, 6], "texture": "#0"},
				"down": {"uv": [0.5, 8.5, 1, 9], "texture": "#0"}
			}
		},
		{
			"from": [9, 11, 7.5],
			"to": [12, 12, 8.5],
			"faces": {
				"north": {"uv": [4, 5, 2.5, 5.5], "texture": "#0"},
				"east": {"uv": [1, 8, 0.5, 8.5], "texture": "#0"},
				"south": {"uv": [4.5, 3, 6, 3.5], "texture": "#0"},
				"west": {"uv": [2.5, 5, 3, 5.5], "texture": "#0"},
				"up": {"uv": [7.5, 0, 9, 0.5], "texture": "#0"},
				"down": {"uv": [0, 8, 1, 8.5], "texture": "#0"}
			}
		},
		{
			"from": [11, 10, 7.5],
			"to": [12, 11, 8.5],
			"faces": {
				"north": {"uv": [1, 8.5, 0.5, 9], "texture": "#0"},
				"east": {"uv": [1, 8.5, 0.5, 9], "texture": "#0"},
				"south": {"uv": [5.5, 3.5, 6, 4], "texture": "#0"},
				"west": {"uv": [0.5, 8.5, 1, 9], "texture": "#0"},
				"up": {"uv": [3.5, 5.5, 4, 6], "texture": "#0"},
				"down": {"uv": [0.5, 8.5, 1, 9], "texture": "#0"}
			}
		},
		{
			"from": [10, 12, 7.5],
			"to": [13, 13, 8.5],
			"faces": {
				"north": {"uv": [4, 5, 2.5, 5.5], "texture": "#0"},
				"east": {"uv": [1, 8, 0.5, 8.5], "texture": "#0"},
				"south": {"uv": [5, 2.5, 6.5, 3], "texture": "#0"},
				"west": {"uv": [2.5, 5, 3, 5.5], "texture": "#0"},
				"up": {"uv": [7.5, 0, 9, 0.5], "texture": "#0"},
				"down": {"uv": [0, 8, 1, 8.5], "texture": "#0"}
			}
		},
		{
			"from": [12, 11, 7.5],
			"to": [13, 12, 8.5],
			"faces": {
				"north": {"uv": [1, 8.5, 0.5, 9], "texture": "#0"},
				"east": {"uv": [1, 8.5, 0.5, 9], "texture": "#0"},
				"south": {"uv": [6, 3, 6.5, 3.5], "texture": "#0"},
				"west": {"uv": [0.5, 8.5, 1, 9], "texture": "#0"},
				"up": {"uv": [3.5, 5.5, 4, 6], "texture": "#0"},
				"down": {"uv": [0.5, 8.5, 1, 9], "texture": "#0"}
			}
		},
		{
			"from": [11, 13, 7.5],
			"to": [14, 14, 8.5],
			"faces": {
				"north": {"uv": [4, 5, 2.5, 5.5], "texture": "#0"},
				"east": {"uv": [1, 8, 0.5, 8.5], "texture": "#0"},
				"south": {"uv": [5.5, 2, 7, 2.5], "texture": "#0"},
				"west": {"uv": [2.5, 5, 3, 5.5], "texture": "#0"},
				"up": {"uv": [7.5, 0, 9, 0.5], "texture": "#0"},
				"down": {"uv": [0, 8, 1, 8.5], "texture": "#0"}
			}
		},
		{
			"from": [13, 12, 7.5],
			"to": [14, 13, 8.5],
			"faces": {
				"north": {"uv": [1, 8.5, 0.5, 9], "texture": "#0"},
				"east": {"uv": [1, 8.5, 0.5, 9], "texture": "#0"},
				"south": {"uv": [6.5, 2.5, 7, 3], "texture": "#0"},
				"west": {"uv": [0.5, 8.5, 1, 9], "texture": "#0"},
				"up": {"uv": [3.5, 5.5, 4, 6], "texture": "#0"},
				"down": {"uv": [0.5, 8.5, 1, 9], "texture": "#0"}
			}
		},
		{
			"from": [12, 14, 7.5],
			"to": [15, 15, 8.5],
			"faces": {
				"north": {"uv": [4, 5, 2.5, 5.5], "texture": "#0"},
				"east": {"uv": [1, 8, 0.5, 8.5], "texture": "#0"},
				"south": {"uv": [6, 1.5, 7.5, 2], "texture": "#0"},
				"west": {"uv": [2.5, 5, 3, 5.5], "texture": "#0"},
				"up": {"uv": [7.5, 0, 9, 0.5], "texture": "#0"},
				"down": {"uv": [0, 8, 1, 8.5], "texture": "#0"}
			}
		},
		{
			"from": [14, 13, 7.5],
			"to": [15, 14, 8.5],
			"faces": {
				"north": {"uv": [1, 8.5, 0.5, 9], "texture": "#0"},
				"east": {"uv": [1, 8.5, 0.5, 9], "texture": "#0"},
				"south": {"uv": [7, 2, 7.5, 2.5], "texture": "#0"},
				"west": {"uv": [0.5, 8.5, 1, 9], "texture": "#0"},
				"up": {"uv": [3.5, 5.5, 4, 6], "texture": "#0"},
				"down": {"uv": [0.5, 8.5, 1, 9], "texture": "#0"}
			}
		},
		{
			"from": [13, 15, 7.5],
			"to": [16, 16, 8.5],
			"faces": {
				"north": {"uv": [4, 5, 2.5, 5.5], "texture": "#0"},
				"east": {"uv": [1, 8, 0.5, 8.5], "texture": "#0"},
				"south": {"uv": [6.5, 1, 8, 1.5], "texture": "#0"},
				"west": {"uv": [2.5, 5, 3, 5.5], "texture": "#0"},
				"up": {"uv": [7.5, 0, 9, 0.5], "texture": "#0"},
				"down": {"uv": [0, 8, 1, 8.5], "texture": "#0"}
			}
		},
		{
			"from": [15, 14, 7.5],
			"to": [16, 15, 8.5],
			"faces": {
				"north": {"uv": [1, 8.5, 0.5, 9], "texture": "#0"},
				"east": {"uv": [1, 8.5, 0.5, 9], "texture": "#0"},
				"south": {"uv": [7.5, 1.5, 8, 2], "texture": "#0"},
				"west": {"uv": [0.5, 8.5, 1, 9], "texture": "#0"},
				"up": {"uv": [3.5, 5.5, 4, 6], "texture": "#0"},
				"down": {"uv": [0.5, 8.5, 1, 9], "texture": "#0"}
			}
		},
		{
			"from": [14, 16, 7.5],
			"to": [17, 17, 8.5],
			"faces": {
				"north": {"uv": [4, 5, 2.5, 5.5], "texture": "#0"},
				"east": {"uv": [1, 8, 0.5, 8.5], "texture": "#0"},
				"south": {"uv": [7, 0.5, 8.5, 1], "texture": "#0"},
				"west": {"uv": [2.5, 5, 3, 5.5], "texture": "#0"},
				"up": {"uv": [7.5, 0, 9, 0.5], "texture": "#0"},
				"down": {"uv": [0, 8, 1, 8.5], "texture": "#0"}
			}
		},
		{
			"from": [16, 15, 7.5],
			"to": [17, 16, 8.5],
			"faces": {
				"north": {"uv": [1, 8.5, 0.5, 9], "texture": "#0"},
				"east": {"uv": [1, 8.5, 0.5, 9], "texture": "#0"},
				"south": {"uv": [8, 1, 8.5, 1.5], "texture": "#0"},
				"west": {"uv": [0.5, 8.5, 1, 9], "texture": "#0"},
				"up": {"uv": [3.5, 5.5, 4, 6], "texture": "#0"},
				"down": {"uv": [0.5, 8.5, 1, 9], "texture": "#0"}
			}
		},
		{
			"from": [15, 17, 7.5],
			"to": [18, 18, 8.5],
			"faces": {
				"north": {"uv": [9, 0, 7.5, 0.5], "texture": "#0"},
				"east": {"uv": [9, 0, 8.5, 0.5], "texture": "#0"},
				"south": {"uv": [7.5, 0, 9, 0.5], "texture": "#0"},
				"west": {"uv": [2.5, 5, 3, 5.5], "texture": "#0"},
				"up": {"uv": [7.5, 0, 9, 0.5], "texture": "#0"},
				"down": {"uv": [0, 8, 1, 8.5], "texture": "#0"}
			}
		},
		{
			"from": [17, 16, 7.5],
			"to": [18, 17, 8.5],
			"faces": {
				"north": {"uv": [1, 8.5, 0.5, 9], "texture": "#0"},
				"east": {"uv": [1, 8.5, 0.5, 9], "texture": "#0"},
				"south": {"uv": [8.5, 0.5, 9, 1], "texture": "#0"},
				"west": {"uv": [0.5, 8.5, 1, 9], "texture": "#0"},
				"up": {"uv": [3.5, 5.5, 4, 6], "texture": "#0"},
				"down": {"uv": [0.5, 8.5, 1, 9], "texture": "#0"}
			}
		},
		{
			"from": [7, 9, 7.5],
			"to": [10, 10, 8.5],
			"faces": {
				"north": {"uv": [4, 5, 2.5, 5.5], "texture": "#0"},
				"east": {"uv": [1, 8, 0.5, 8.5], "texture": "#0"},
				"south": {"uv": [3, 4.5, 4.5, 5], "texture": "#0"},
				"west": {"uv": [2.5, 5, 3, 5.5], "texture": "#0"},
				"up": {"uv": [2.5, 5, 4, 5.5], "texture": "#0"},
				"down": {"uv": [0, 8, 1, 8.5], "texture": "#0"}
			}
		},
		{
			"from": [9, 8, 7.5],
			"to": [10, 9, 8.5],
			"faces": {
				"north": {"uv": [1, 8.5, 0.5, 9], "texture": "#0"},
				"east": {"uv": [1, 8.5, 0.5, 9], "texture": "#0"},
				"south": {"uv": [4.5, 4.5, 5, 5], "texture": "#0"},
				"west": {"uv": [0.5, 8.5, 1, 9], "texture": "#0"},
				"up": {"uv": [3.5, 5.5, 4, 6], "texture": "#0"},
				"down": {"uv": [0.5, 8.5, 1, 9], "texture": "#0"}
			}
		},
		{
			"from": [18, 3, 7.5],
			"to": [19, 18, 8.5],
			"faces": {
				"north": {"uv": [12.5, 15.5, 5, 16], "rotation": 90, "texture": "#0"},
				"east": {"uv": [12.5, 15.5, 5, 16], "rotation": 90, "texture": "#0"},
				"south": {"uv": [12.5, 15.5, 5, 16], "rotation": 90, "texture": "#0"},
				"west": {"uv": [12.5, 15.5, 5, 16], "rotation": 90, "texture": "#0"},
				"up": {"uv": [12, 15.5, 12.5, 16], "texture": "#0"},
				"down": {"uv": [1.5, 15.5, 2, 16], "texture": "#0"}
			}
		},
		{
			"from": [8, 5, 6.5],
			"to": [11, 8, 9.5],
			"faces": {
				"north": {"uv": [14.5, 14.5, 16, 16], "texture": "#0"},
				"east": {"uv": [14.5, 13, 16, 14.5], "rotation": 90, "texture": "#0"},
				"south": {"uv": [14.5, 14.5, 16, 16], "texture": "#0"},
				"west": {"uv": [14.5, 13, 16, 14.5], "rotation": 90, "texture": "#0"},
				"up": {"uv": [13, 13, 14.5, 14.5], "texture": "#0"},
				"down": {"uv": [14.5, 13, 16, 14.5], "texture": "#0"}
			}
		},
		{
			"from": [17, 1, 7.5],
			"to": [19, 3, 8.5],
			"faces": {
				"north": {"uv": [14, 10, 12, 12], "texture": "#1"},
				"east": {"uv": [13, 10, 14, 12], "texture": "#1"},
				"south": {"uv": [12, 10, 14, 12], "texture": "#1"},
				"west": {"uv": [12, 10, 13, 12], "texture": "#1"},
				"up": {"uv": [12, 11, 14, 12], "texture": "#1"},
				"down": {"uv": [12, 11, 14, 12], "texture": "#1"}
			}
		},
		{
			"from": [16, 0, 7.5],
			"to": [18, 2, 8.5],
			"faces": {
				"north": {"uv": [13, 11, 11, 13], "texture": "#1"},
				"east": {"uv": [12, 11, 13, 13], "texture": "#1"},
				"south": {"uv": [11, 11, 13, 13], "texture": "#1"},
				"west": {"uv": [11, 11, 12, 13], "texture": "#1"},
				"up": {"uv": [11, 11, 13, 12], "texture": "#1"},
				"down": {"uv": [11, 12, 13, 13], "texture": "#1"}
			}
		},
		{
			"from": [15, -1, 7.5],
			"to": [17, 1, 8.5],
			"faces": {
				"north": {"uv": [12, 12, 10, 14], "texture": "#1"},
				"east": {"uv": [11, 12, 12, 14], "texture": "#1"},
				"south": {"uv": [10, 12, 12, 14], "texture": "#1"},
				"west": {"uv": [10, 12, 11, 14], "texture": "#1"},
				"up": {"uv": [10, 12, 12, 13], "texture": "#1"},
				"down": {"uv": [10, 13, 12, 14], "texture": "#1"}
			}
		},
		{
			"from": [14, -2, 7.5],
			"to": [16, 0, 8.5],
			"faces": {
				"north": {"uv": [11, 13, 9, 15], "texture": "#1"},
				"east": {"uv": [10, 13, 11, 15], "texture": "#1"},
				"south": {"uv": [9, 13, 11, 15], "texture": "#1"},
				"west": {"uv": [9, 14, 10, 16], "texture": "#1"},
				"up": {"uv": [9, 13, 11, 14], "texture": "#1"},
				"down": {"uv": [9, 14, 11, 15], "texture": "#1"}
			}
		},
		{
			"from": [13, -3, 7.5],
			"to": [15, -1, 8.5],
			"faces": {
				"north": {"uv": [10, 14, 8, 16], "texture": "#1"},
				"east": {"uv": [9, 14, 10, 16], "texture": "#1"},
				"south": {"uv": [8, 14, 10, 16], "texture": "#1"},
				"west": {"uv": [8, 14, 9, 16], "texture": "#1"},
				"up": {"uv": [8, 14, 10, 15], "texture": "#1"},
				"down": {"uv": [8, 15, 10, 16], "texture": "#1"}
			}
		}
	],
	"display": {
		"thirdperson_righthand": {
			"rotation": [0, 90, 55],
			"translation": [0, 3.5, 2.5],
			"scale": [0.85, 0.85, 0.85]
		},
		"thirdperson_lefthand": {
			"rotation": [0, -90, -55],
			"translation": [0, 3.5, 2.5],
			"scale": [0.85, 0.85, 0.85]
		},
		"firstperson_righthand": {
			"rotation": [0, 90, 25],
			"translation": [0, 1.6, 0.8],
			"scale": [0.68, 0.68, 0.68]
		},
		"firstperson_lefthand": {
			"rotation": [0, -90, -25],
			"translation": [0, 1.6, 0.8],
			"scale": [0.68, 0.68, 0.68]
		},
		"ground": {
			"translation": [0, 2, 0],
			"scale": [0.5, 0.5, 0.5]
		},
		"gui": {
			"rotation": [23.36, 24.93, -5.55],
			"translation": [-1.5, 0, 0],
			"scale": [0.73, 0.73, 0.73]
		},
		"head": {
			"rotation": [0, 180, 0],
			"translation": [0, 13, 7]
		},
		"fixed": {
			"rotation": [0, 180, 0],
			"translation": [2, 0, 0]
		}
	}
}