{
	"credit": "Made with Blockbench",
	"textures": {
		"0": "item/crossbow_pulling_2",
		"1": "item/firework_rocket",
		"particle": "item/crossbow_pulling_2"
	},
	"elements": [
		{
			"from": [0, 3, 6.5],
			"to": [1, 4, 7.5],
			"rotation": {"angle": 45, "axis": "z", "origin": [8, 8, 8.1]},
			"faces": {
				"north": {"uv": [0, 13, 1, 12], "rotation": 180, "texture": "#0"},
				"east": {"uv": [0, 0, 0, 0], "texture": "#0"},
				"south": {"uv": [0, 12, 1, 13], "texture": "#0", "cullface": "south"},
				"west": {"uv": [0, 12, 1, 13], "texture": "#0"},
				"up": {"uv": [1, 12, 0, 13], "rotation": 180, "texture": "#0"},
				"down": {"uv": [0, 12, 1, 13], "texture": "#0"}
			}
		},
		{
			"from": [12, 15, 6.5],
			"to": [13, 16, 7.5],
			"rotation": {"angle": 45, "axis": "z", "origin": [8, 8, 8.1]},
			"faces": {
				"north": {"uv": [12, 1, 13, 0], "rotation": 180, "texture": "#0"},
				"east": {"uv": [12, 0, 13, 1], "texture": "#0"},
				"south": {"uv": [12, 0, 13, 1], "texture": "#0", "cullface": "south"},
				"west": {"uv": [12, 0, 13, 1], "texture": "#0"},
				"up": {"uv": [13, 0, 12, 1], "rotation": 180, "texture": "#0"},
				"down": {"uv": [0, 0, 0, 0], "texture": "#0"}
			}
		},
		{
			"from": [8, 13, 6.5],
			"to": [14, 15, 7.5],
			"rotation": {"angle": 45, "axis": "z", "origin": [8, 8, 8.1]},
			"faces": {
				"north": {"uv": [8, 3, 14, 1], "rotation": 180, "texture": "#0"},
				"east": {"uv": [13, 1, 14, 3], "texture": "#0"},
				"south": {"uv": [8, 1, 14, 3], "texture": "#0", "cullface": "south"},
				"west": {"uv": [8, 1, 9, 3], "texture": "#0"},
				"up": {"uv": [14, 1, 8, 2], "rotation": 180, "texture": "#0"},
				"down": {"uv": [8, 2, 14, 3], "texture": "#0"}
			}
		},
		{
			"from": [6, 12, 6.5],
			"to": [10, 14, 7.5],
			"rotation": {"angle": 45, "axis": "z", "origin": [8, 8, 8.1]},
			"faces": {
				"north": {"uv": [6, 4, 10, 2], "rotation": 180, "texture": "#0"},
				"east": {"uv": [9, 2, 10, 4], "texture": "#0"},
				"south": {"uv": [6, 2, 10, 4], "texture": "#0", "cullface": "south"},
				"west": {"uv": [6, 2, 7, 4], "texture": "#0"},
				"up": {"uv": [10, 2, 6, 3], "rotation": 180, "texture": "#0"},
				"down": {"uv": [6, 3, 10, 4], "texture": "#0"}
			}
		},
		{
			"from": [3, 9, 6.5],
			"to": [5, 11, 7.5],
			"rotation": {"angle": 45, "axis": "z", "origin": [8, 8, 8.1]},
			"faces": {
				"north": {"uv": [0, 0, 0, 0], "texture": "#0"},
				"east": {"uv": [4, 5, 5, 7], "texture": "#0"},
				"south": {"uv": [3, 5, 5, 7], "texture": "#0", "cullface": "south"},
				"west": {"uv": [3, 5, 4, 7], "texture": "#0"},
				"up": {"uv": [5, 5, 3, 6], "rotation": 180, "texture": "#0"},
				"down": {"uv": [3, 6, 5, 7], "texture": "#0"}
			}
		},
		{
			"from": [4, 10, 6.5],
			"to": [6, 12, 7.5],
			"rotation": {"angle": 45, "axis": "z", "origin": [8, 8, 8.1]},
			"faces": {
				"north": {"uv": [4, 6, 6, 4], "rotation": 180, "texture": "#0"},
				"east": {"uv": [5, 4, 6, 6], "texture": "#0"},
				"south": {"uv": [4, 4, 6, 6], "texture": "#0", "cullface": "south"},
				"west": {"uv": [4, 4, 5, 6], "texture": "#0"},
				"up": {"uv": [6, 4, 4, 5], "rotation": 180, "texture": "#0"},
				"down": {"uv": [4, 5, 6, 6], "texture": "#0"}
			}
		},
		{
			"from": [5, 11, 6.5],
			"to": [7, 13, 7.5],
			"rotation": {"angle": 45, "axis": "z", "origin": [8, 8, 8.1]},
			"faces": {
				"north": {"uv": [0, 0, 0, 0], "texture": "#0"},
				"east": {"uv": [6, 3, 7, 5], "texture": "#0"},
				"south": {"uv": [5, 3, 7, 5], "texture": "#0", "cullface": "south"},
				"west": {"uv": [5, 3, 6, 5], "texture": "#0"},
				"up": {"uv": [7, 3, 5, 4], "rotation": 180, "texture": "#0"},
				"down": {"uv": [5, 4, 7, 5], "texture": "#0"}
			}
		},
		{
			"from": [2, 6, 6.5],
			"to": [4, 10, 7.5],
			"rotation": {"angle": 45, "axis": "z", "origin": [8, 8, 8.1]},
			"faces": {
				"north": {"uv": [2, 10, 4, 6], "rotation": 180, "texture": "#0"},
				"east": {"uv": [3, 6, 4, 10], "texture": "#0"},
				"south": {"uv": [2, 6, 4, 10], "texture": "#0", "cullface": "south"},
				"west": {"uv": [2, 6, 3, 10], "texture": "#0"},
				"up": {"uv": [4, 6, 2, 7], "rotation": 180, "texture": "#0"},
				"down": {"uv": [2, 9, 4, 10], "texture": "#0"}
			}
		},
		{
			"from": [1, 2, 6.5],
			"to": [3, 8, 7.5],
			"rotation": {"angle": 45, "axis": "z", "origin": [8, 8, 8.1]},
			"faces": {
				"north": {"uv": [1, 14, 3, 8], "rotation": 180, "texture": "#0"},
				"east": {"uv": [2, 8, 3, 14], "texture": "#0"},
				"south": {"uv": [1, 8, 3, 14], "texture": "#0", "cullface": "south"},
				"west": {"uv": [1, 8, 2, 14], "texture": "#0"},
				"up": {"uv": [3, 8, 1, 9], "rotation": 180, "texture": "#0"},
				"down": {"uv": [1, 13, 3, 14], "texture": "#0"}
			}
		},
		{
			"from": [15, 1, 6.5],
			"to": [16, 3, 7.5],
			"rotation": {"angle": 45, "axis": "z", "origin": [8, 8, 8.1]},
			"faces": {
				"north": {"uv": [15, 15, 16, 13], "rotation": 180, "texture": "#0"},
				"east": {"uv": [15, 13, 16, 15], "texture": "#0"},
				"south": {"uv": [15, 13, 16, 15], "texture": "#0", "cullface": "south"},
				"west": {"uv": [0, 0, 0, 0], "texture": "#0"},
				"up": {"uv": [16, 13, 15, 14], "rotation": 180, "texture": "#0"},
				"down": {"uv": [15, 14, 16, 15], "texture": "#0"}
			}
		},
		{
			"from": [3, 13, 6.5],
			"to": [5, 14, 7.5],
			"rotation": {"angle": 45, "axis": "z", "origin": [8, 8, 8.1]},
			"faces": {
				"north": {"uv": [3, 3, 5, 2], "rotation": 180, "texture": "#0"},
				"east": {"uv": [4, 2, 5, 3], "texture": "#0"},
				"south": {"uv": [3, 2, 5, 3], "texture": "#0", "cullface": "south"},
				"west": {"uv": [3, 2, 4, 3], "texture": "#0"},
				"up": {"uv": [5, 2, 3, 3], "rotation": 180, "texture": "#0"},
				"down": {"uv": [3, 2, 5, 3], "texture": "#0"}
			}
		},
		{
			"from": [2, 11, 6.5],
			"to": [3, 13, 7.5],
			"rotation": {"angle": 45, "axis": "z", "origin": [8, 8, 8.1]},
			"faces": {
				"north": {"uv": [2, 5, 3, 3], "rotation": 180, "texture": "#0"},
				"east": {"uv": [2, 3, 3, 5], "texture": "#0"},
				"south": {"uv": [2, 3, 3, 5], "texture": "#0", "cullface": "south"},
				"west": {"uv": [2, 3, 3, 5], "texture": "#0"},
				"up": {"uv": [3, 3, 2, 4], "rotation": 180, "texture": "#0"},
				"down": {"uv": [2, 4, 3, 5], "texture": "#0"}
			}
		},
		{
			"from": [5, 7, 6.5],
			"to": [7, 13, 7.5],
			"rotation": {"angle": 45, "axis": "z", "origin": [8, 8, 8.1]},
			"faces": {
				"north": {"uv": [5, 9, 7, 3], "rotation": 180, "texture": "#0"},
				"east": {"uv": [6, 3, 7, 9], "texture": "#0"},
				"south": {"uv": [5, 3, 7, 9], "texture": "#0", "cullface": "south"},
				"west": {"uv": [5, 3, 6, 9], "texture": "#0"},
				"up": {"uv": [7, 3, 5, 4], "rotation": 180, "texture": "#0"},
				"down": {"uv": [5, 8, 7, 9], "texture": "#0"}
			}
		},
		{
			"from": [7, 5, 6.5],
			"to": [8, 12, 7.5],
			"rotation": {"angle": 45, "axis": "z", "origin": [8, 8, 8.1]},
			"faces": {
				"north": {"uv": [7, 11, 8, 4], "rotation": 180, "texture": "#0"},
				"east": {"uv": [7, 4, 8, 11], "texture": "#0"},
				"south": {"uv": [7, 4, 8, 11], "texture": "#0", "cullface": "south"},
				"west": {"uv": [7, 4, 8, 11], "texture": "#0"},
				"up": {"uv": [8, 4, 7, 5], "rotation": 180, "texture": "#0"},
				"down": {"uv": [7, 10, 8, 11], "texture": "#0"}
			}
		},
		{
			"from": [3, 9, 6.5],
			"to": [5, 11, 7.5],
			"rotation": {"angle": 45, "axis": "z", "origin": [8, 8, 8.1]},
			"faces": {
				"north": {"uv": [3, 7, 5, 5], "rotation": 180, "texture": "#0"},
				"east": {"uv": [0, 0, 0, 0], "texture": "#0"},
				"south": {"uv": [3, 5, 5, 7], "texture": "#0", "cullface": "south"},
				"west": {"uv": [3, 5, 4, 7], "texture": "#0"},
				"up": {"uv": [5, 5, 3, 6], "rotation": 180, "texture": "#0"},
				"down": {"uv": [3, 6, 5, 7], "texture": "#0"}
			}
		},
		{
			"from": [8, 4, 6.5],
			"to": [9, 11, 7.5],
			"rotation": {"angle": 45, "axis": "z", "origin": [8, 8, 8.1]},
			"faces": {
				"north": {"uv": [8, 12, 9, 5], "rotation": 180, "texture": "#0"},
				"east": {"uv": [8, 5, 9, 12], "texture": "#0"},
				"south": {"uv": [8, 5, 9, 12], "texture": "#0", "cullface": "south"},
				"west": {"uv": [8, 5, 9, 12], "texture": "#0"},
				"up": {"uv": [9, 5, 8, 6], "rotation": 180, "texture": "#0"},
				"down": {"uv": [8, 11, 9, 12], "texture": "#0"}
			}
		},
		{
			"from": [9, 3, 6.5],
			"to": [10, 10, 7.5],
			"rotation": {"angle": 45, "axis": "z", "origin": [8, 8, 8.1]},
			"faces": {
				"north": {"uv": [9, 13, 10, 6], "rotation": 180, "texture": "#0"},
				"east": {"uv": [9, 6, 10, 13], "texture": "#0"},
				"south": {"uv": [9, 6, 10, 13], "texture": "#0", "cullface": "south"},
				"west": {"uv": [9, 6, 10, 13], "texture": "#0"},
				"up": {"uv": [10, 6, 9, 7], "rotation": 180, "texture": "#0"},
				"down": {"uv": [9, 12, 10, 13], "texture": "#0"}
			}
		},
		{
			"from": [3, 3, 6.5],
			"to": [9, 4, 7.5],
			"rotation": {"angle": 45, "axis": "z", "origin": [8, 8, 8.1]},
			"faces": {
				"north": {"uv": [3, 13, 9, 12], "rotation": 180, "texture": "#0"},
				"east": {"uv": [3, 12, 9, 13], "texture": "#0"},
				"south": {"uv": [3, 12, 9, 13], "texture": "#0", "cullface": "south"},
				"west": {"uv": [3, 12, 9, 13], "texture": "#0"},
				"up": {"uv": [9, 12, 3, 13], "rotation": 180, "texture": "#0"},
				"down": {"uv": [3, 12, 9, 13], "texture": "#0"}
			}
		},
		{
			"from": [4, 8, 6.5],
			"to": [5, 9, 7.5],
			"rotation": {"angle": 45, "axis": "z", "origin": [8, 8, 8.1]},
			"faces": {
				"north": {"uv": [4, 8, 5, 7], "rotation": 180, "texture": "#0"},
				"east": {"uv": [0, 0, 0, 0], "texture": "#0"},
				"south": {"uv": [4, 7, 5, 8], "texture": "#0", "cullface": "south"},
				"west": {"uv": [4, 7, 5, 8], "texture": "#0"},
				"up": {"uv": [0, 0, 0, 0], "texture": "#0"},
				"down": {"uv": [4, 7, 5, 8], "texture": "#0"}
			}
		},
		{
			"from": [10, 3, 6.5],
			"to": [11, 9, 7.5],
			"rotation": {"angle": 45, "axis": "z", "origin": [8, 8, 8.1]},
			"faces": {
				"north": {"uv": [10, 13, 11, 7], "rotation": 180, "texture": "#0"},
				"east": {"uv": [10, 7, 11, 13], "texture": "#0"},
				"south": {"uv": [10, 7, 11, 13], "texture": "#0", "cullface": "south"},
				"west": {"uv": [0, 0, 0, 0], "texture": "#0"},
				"up": {"uv": [11, 7, 10, 8], "rotation": 180, "texture": "#0"},
				"down": {"uv": [10, 12, 11, 13], "texture": "#0"}
			}
		},
		{
			"from": [11, 2, 6.5],
			"to": [12, 8, 7.5],
			"rotation": {"angle": 45, "axis": "z", "origin": [8, 8, 8.1]},
			"faces": {
				"north": {"uv": [11, 14, 12, 8], "rotation": 180, "texture": "#0"},
				"east": {"uv": [11, 8, 12, 14], "texture": "#0"},
				"south": {"uv": [11, 8, 12, 14], "texture": "#0", "cullface": "south"},
				"west": {"uv": [11, 8, 12, 14], "texture": "#0"},
				"up": {"uv": [12, 8, 11, 9], "rotation": 180, "texture": "#0"},
				"down": {"uv": [11, 13, 12, 14], "texture": "#0"}
			}
		},
		{
			"from": [6, 6, 6.5],
			"to": [7, 7, 7.5],
			"rotation": {"angle": 45, "axis": "z", "origin": [8, 8, 8.1]},
			"faces": {
				"north": {"uv": [6, 10, 7, 9], "rotation": 180, "texture": "#0"},
				"east": {"uv": [6, 9, 7, 10], "texture": "#0"},
				"south": {"uv": [6, 9, 7, 10], "texture": "#0", "cullface": "south"},
				"west": {"uv": [6, 9, 7, 10], "texture": "#0"},
				"up": {"uv": [7, 9, 6, 10], "rotation": 180, "texture": "#0"},
				"down": {"uv": [6, 9, 7, 10], "texture": "#0"}
			}
		},
		{
			"from": [12, 1, 6.5],
			"to": [13, 7, 7.5],
			"rotation": {"angle": 45, "axis": "z", "origin": [8, 8, 8.1]},
			"faces": {
				"north": {"uv": [12, 15, 13, 9], "rotation": 180, "texture": "#0"},
				"east": {"uv": [12, 9, 13, 15], "texture": "#0"},
				"south": {"uv": [12, 9, 13, 15], "texture": "#0", "cullface": "south"},
				"west": {"uv": [12, 9, 13, 15], "texture": "#0"},
				"up": {"uv": [13, 9, 12, 10], "rotation": 180, "texture": "#0"},
				"down": {"uv": [12, 14, 13, 15], "texture": "#0"}
			}
		},
		{
			"from": [12, 7, 6.5],
			"to": [13, 13, 7.5],
			"rotation": {"angle": 45, "axis": "z", "origin": [8, 8, 8.1]},
			"faces": {
				"north": {"uv": [12, 9, 13, 3], "rotation": 180, "texture": "#0"},
				"east": {"uv": [12, 3, 13, 9], "texture": "#0"},
				"south": {"uv": [12, 3, 13, 9], "texture": "#0", "cullface": "south"},
				"west": {"uv": [12, 3, 13, 9], "texture": "#0"},
				"up": {"uv": [13, 9, 12, 10], "rotation": 180, "texture": "#0"},
				"down": {"uv": [12, 14, 13, 15], "texture": "#0"}
			}
		},
		{
			"from": [13, 0, 6.5],
			"to": [14, 5, 7.5],
			"rotation": {"angle": 45, "axis": "z", "origin": [8, 8, 8.1]},
			"faces": {
				"north": {"uv": [13, 16, 14, 11], "rotation": 180, "texture": "#0"},
				"east": {"uv": [13, 11, 14, 16], "texture": "#0"},
				"south": {"uv": [13, 11, 14, 16], "texture": "#0", "cullface": "south"},
				"west": {"uv": [13, 11, 14, 16], "texture": "#0"},
				"up": {"uv": [14, 11, 13, 12], "rotation": 180, "texture": "#0"},
				"down": {"uv": [13, 15, 14, 16], "texture": "#0"}
			}
		},
		{
			"from": [14, 0, 6.5],
			"to": [15, 4, 7.5],
			"rotation": {"angle": 45, "axis": "z", "origin": [8, 8, 8.1]},
			"faces": {
				"north": {"uv": [14, 16, 15, 12], "rotation": 180, "texture": "#0"},
				"east": {"uv": [14, 12, 15, 16], "texture": "#0"},
				"south": {"uv": [14, 12, 15, 16], "texture": "#0", "cullface": "south"},
				"west": {"uv": [0, 0, 0, 0], "texture": "#0"},
				"up": {"uv": [15, 12, 14, 13], "rotation": 180, "texture": "#0"},
				"down": {"uv": [14, 15, 15, 16], "texture": "#0"}
			}
		},
		{
			"name": "Cube",
			"from": [-2, 7.5, 7.6],
			"to": [-1, 8.5, 8.6],
			"rotation": {"angle": 0, "axis": "y", "origin": [9, 6, 8]},
			"faces": {
				"north": {"uv": [7, 0, 8, 1], "rotation": 270, "texture": "#0"},
				"east": {"uv": [0, 0, 0, 0], "rotation": 270, "texture": "#0"},
				"south": {"uv": [7, 0, 8, 1], "rotation": 270, "texture": "#0", "cullface": "south"},
				"west": {"uv": [7, 0, 8, 1], "rotation": 90, "texture": "#0", "cullface": "west"},
				"up": {"uv": [7, 0, 8, 1], "rotation": 180, "texture": "#0"},
				"down": {"uv": [7, 0, 8, 1], "texture": "#0"}
			}
		},
		{
			"from": [3.44, 6.8, 6.88],
			"to": [9.04, 9.04, 9.12],
			"rotation": {"angle": 0, "axis": "x", "origin": [4, 7.92, 6.32]},
			"faces": {
				"north": {"uv": [1.33333, 1.33333, 2.66667, 4.66667], "rotation": 90, "texture": "#1"},
				"east": {"uv": [2.66667, 0, 4, 1.33333], "rotation": 270, "texture": "#1"},
				"south": {"uv": [4, 1.33333, 5.33333, 4.66667], "rotation": 270, "texture": "#1"},
				"west": {"uv": [1.33333, 0, 2.66667, 1.33333], "rotation": 270, "texture": "#1"},
				"up": {"uv": [2.66667, 1.33333, 4, 4.66667], "rotation": 270, "texture": "#1"},
				"down": {"uv": [0, 1.33333, 1.33333, 4.66667], "rotation": 270, "texture": "#1"}
			}
		},
		{
			"from": [9.04, 7.64, 7.44],
			"to": [15.2, 8.2, 8],
			"rotation": {"angle": 0, "axis": "x", "origin": [4, 7.92, 6.32]},
			"faces": {
				"north": {"uv": [0.33333, 5, 0.66667, 8.66667], "rotation": 90, "texture": "#1"},
				"east": {"uv": [0.66667, 4.66667, 1, 5], "rotation": 270, "texture": "#1"},
				"south": {"uv": [1, 5, 1.33333, 8.66667], "rotation": 270, "texture": "#1"},
				"west": {"uv": [0.33333, 4.66667, 0.66667, 5], "rotation": 270, "texture": "#1"},
				"up": {"uv": [0, 5, 0.33333, 8.66667], "rotation": 270, "texture": "#1"},
				"down": {"uv": [0.66667, 5, 1, 8.66667], "rotation": 270, "texture": "#1"}
			}
		},
		{
			"from": [-0.48, 6.24, 5.48],
			"to": [4, 6.24, 10.52],
			"rotation": {"angle": -22.5, "axis": "z", "origin": [4, 6.24, 8]},
			"faces": {
				"north": {"uv": [0, 0, 0, 8], "rotation": 90, "texture": "#1"},
				"east": {"uv": [0, 0, 0, 9], "rotation": 270, "texture": "#1"},
				"south": {"uv": [0, 0, 0, 8], "rotation": 270, "texture": "#1"},
				"west": {"uv": [0, 0, 0, 9], "rotation": 270, "texture": "#1"},
				"up": {"uv": [8.33333, 0, 11.33333, 2.66667], "rotation": 270, "texture": "#1"},
				"down": {"uv": [5.33333, 0, 8.33333, 2.66667], "rotation": 270, "texture": "#1"}
			}
		},
		{
			"from": [-0.48, 5.4, 9.68],
			"to": [4, 10.44, 9.68],
			"rotation": {"angle": -22.5, "axis": "y", "origin": [4, 7.92, 9.68]},
			"faces": {
				"north": {"uv": [8.33333, 0, 11.33333, 2.66667], "rotation": 90, "texture": "#1"},
				"east": {"uv": [0, 0, 0, 9], "texture": "#1"},
				"south": {"uv": [5.33333, 0, 8.33333, 2.66667], "rotation": 270, "texture": "#1"},
				"west": {"uv": [0, 0, 0, 9], "rotation": 180, "texture": "#1"},
				"up": {"uv": [0, 0, 0, 8], "rotation": 270, "texture": "#1"},
				"down": {"uv": [0, 0, 0, 8], "rotation": 270, "texture": "#1"}
			}
		},
		{
			"from": [-0.48, 9.6, 5.48],
			"to": [4, 9.6, 10.52],
			"rotation": {"angle": 22.5, "axis": "z", "origin": [4, 9.6, 8]},
			"faces": {
				"north": {"uv": [0, 0, 0, 8], "rotation": 90, "texture": "#1"},
				"east": {"uv": [0, 0, 0, 9], "rotation": 90, "texture": "#1"},
				"south": {"uv": [0, 0, 0, 8], "rotation": 270, "texture": "#1"},
				"west": {"uv": [0, 0, 0, 9], "rotation": 90, "texture": "#1"},
				"up": {"uv": [5.33333, 0, 8.33333, 2.66667], "rotation": 270, "texture": "#1"},
				"down": {"uv": [8.33333, 0, 11.33333, 2.66667], "rotation": 270, "texture": "#1"}
			}
		},
		{
			"from": [-0.48, 5.4, 6.32],
			"to": [4, 10.44, 6.32],
			"rotation": {"angle": 22.5, "axis": "y", "origin": [4, 7.92, 6.32]},
			"faces": {
				"north": {"uv": [5.33333, 0, 8.33333, 2.66667], "rotation": 90, "texture": "#1"},
				"east": {"uv": [0, 0, 0, 9], "rotation": 180, "texture": "#1"},
				"south": {"uv": [8.33333, 0, 11.33333, 2.66667], "rotation": 270, "texture": "#1"},
				"west": {"uv": [0, 0, 0, 9], "texture": "#1"},
				"up": {"uv": [0, 0, 0, 8], "rotation": 270, "texture": "#1"},
				"down": {"uv": [0, 0, 0, 8], "rotation": 270, "texture": "#1"}
			}
		},
		{
			"from": [4, 6.24, 6.32],
			"to": [4, 9.6, 9.68],
			"rotation": {"angle": 0, "axis": "x", "origin": [4, 7.92, 6.32]},
			"faces": {
				"north": {"uv": [0, 0, 6, 0], "rotation": 90, "texture": "#1"},
				"east": {"uv": [12, 0, 14, 2], "rotation": 270, "texture": "#1"},
				"south": {"uv": [0, 0, 6, 0], "rotation": 270, "texture": "#1"},
				"west": {"uv": [14, 0, 16, 2], "rotation": 270, "texture": "#1"},
				"up": {"uv": [0, 0, 6, 0], "rotation": 270, "texture": "#1"},
				"down": {"uv": [0, 0, 6, 0], "rotation": 270, "texture": "#1"}
			}
		}
	],
	"gui_light": "front",
	"display": {
		"thirdperson_righthand": {
			"rotation": [-90, 0, -105],
			"translation": [2, 0.1, -3],
			"scale": [0.9, 0.9, 0.9]
		},
		"thirdperson_lefthand": {
			"rotation": [-90, 0, 75],
			"translation": [2, 0.1, -3],
			"scale": [0.9, 0.9, 0.9]
		},
		"firstperson_righthand": {
			"rotation": [-90, 0, -100],
			"translation": [1.13, 3.2, 1.13],
			"scale": [0.68, 0.68, 0.68]
		},
		"firstperson_lefthand": {
			"rotation": [-90, 0, 80],
			"translation": [1.13, 3.2, 1.13],
			"scale": [0.68, 0.68, 0.68]
		},
		"ground": {
			"rotation": [0, 0, -45],
			"scale": [0.48, 0.48, 0.48]
		},
		"gui": {
			"rotation": [0, 0, -45]
		},
		"head": {
			"rotation": [0, 0, -45]
		},
		"fixed": {
			"rotation": [0, -180, -45],
			"translation": [0, 0, -1]
		}
	}
}