{
	"credit": "Made by Mcfella",
	"parent": "block/block",
	"texture_size": [64, 64],
	"textures": {
		"0": "item/potion",
		"particle": "item/potion_overlay"
	},
	"elements": [
		{
			"from": [14, 0, 2],
			"to": [14, 12, 14],
			"faces": {
				"north": {"uv": [7, 13, 10, 16], "texture": "#0"},
				"east": {"uv": [10, 13, 13, 16], "texture": "#0"},
				"south": {"uv": [9.97917, 13, 12.97917, 16], "texture": "#0"},
				"west": {"uv": [4, 13, 7, 16], "texture": "#0"},
				"up": {"uv": [7, 10, 10, 13], "texture": "#0"},
				"down": {"uv": [9.97917, 10, 12.97917, 13], "texture": "#0"}
			}
		},
		{
			"from": [2, 0, 2],
			"to": [2, 12, 14],
			"rotation": {"angle": 0, "axis": "z", "origin": [2, 12, 8]},
			"faces": {
				"north": {"uv": [7, 13, 10, 16], "texture": "#0"},
				"east": {"uv": [10, 13, 13, 16], "texture": "#0"},
				"south": {"uv": [9.97917, 13, 12.97917, 16], "texture": "#0"},
				"west": {"uv": [4, 13, 7, 16], "texture": "#0"},
				"up": {"uv": [7, 10, 10, 13], "texture": "#0"},
				"down": {"uv": [9.97917, 10, 12.97917, 13], "texture": "#0"}
			}
		},
		{
			"from": [2, 12, 2],
			"to": [14, 12, 14],
			"rotation": {"angle": 0, "axis": "z", "origin": [2, 12, 8]},
			"faces": {
				"north": {"uv": [7, 13, 10, 16], "rotation": 90, "texture": "#0"},
				"east": {"uv": [9.97917, 10, 12.97917, 13], "rotation": 270, "texture": "#0"},
				"south": {"uv": [9.97917, 13, 12.97917, 16], "rotation": 270, "texture": "#0"},
				"west": {"uv": [7, 10, 10, 13], "rotation": 270, "texture": "#0"},
				"up": {"uv": [10, 13, 13, 16], "rotation": 270, "texture": "#0"},
				"down": {"uv": [4, 13, 7, 16], "rotation": 270, "texture": "#0"}
			}
		},
		{
			"from": [2, 0, 2],
			"to": [14, 0, 14],
			"rotation": {"angle": 0, "axis": "z", "origin": [2, 12, 8]},
			"faces": {
				"north": {"uv": [7, 13, 10, 16], "rotation": 90, "texture": "#0"},
				"east": {"uv": [9.97917, 10, 12.97917, 13], "rotation": 270, "texture": "#0"},
				"south": {"uv": [9.97917, 13, 12.97917, 16], "rotation": 270, "texture": "#0"},
				"west": {"uv": [7, 10, 10, 13], "rotation": 270, "texture": "#0"},
				"up": {"uv": [10, 13, 13, 16], "rotation": 270, "texture": "#0"},
				"down": {"uv": [4, 13, 7, 16], "rotation": 270, "texture": "#0"}
			}
		},
		{
			"from": [2, 0, 2],
			"to": [14, 12, 2],
			"rotation": {"angle": 0, "axis": "y", "origin": [14, 6, 2]},
			"faces": {
				"north": {"uv": [4, 13, 7, 16], "texture": "#0"},
				"east": {"uv": [7, 13, 10, 16], "texture": "#0"},
				"south": {"uv": [10, 13, 13, 16], "texture": "#0"},
				"west": {"uv": [9.97917, 13, 12.97917, 16], "texture": "#0"},
				"up": {"uv": [7, 10, 10, 13], "rotation": 90, "texture": "#0"},
				"down": {"uv": [9.97917, 10, 12.97917, 13], "rotation": 270, "texture": "#0"}
			}
		},
		{
			"from": [2, 0, 14],
			"to": [14, 12, 14],
			"rotation": {"angle": 0, "axis": "y", "origin": [14, 6, 2]},
			"faces": {
				"north": {"uv": [4, 13, 7, 16], "texture": "#0"},
				"east": {"uv": [7, 13, 10, 16], "texture": "#0"},
				"south": {"uv": [10, 13, 13, 16], "texture": "#0"},
				"west": {"uv": [9.97917, 13, 12.97917, 16], "texture": "#0"},
				"up": {"uv": [7, 10, 10, 13], "rotation": 90, "texture": "#0"},
				"down": {"uv": [9.97917, 10, 12.97917, 13], "rotation": 270, "texture": "#0"}
			}
		},
		{
			"from": [5, 12, 5],
			"to": [11, 16, 11],
			"faces": {
				"north": {"uv": [2.25, 9, 3.75, 10], "texture": "#0"},
				"east": {"uv": [0.75, 9, 2.22917, 10], "texture": "#0"},
				"south": {"uv": [5.25, 9, 7, 10], "texture": "#0"},
				"west": {"uv": [3.75, 9, 5.22917, 10], "texture": "#0"}
			}
		},
		{
			"from": [5, 16.5, 5],
			"to": [11, 19.5, 11],
			"faces": {
				"north": {"uv": [1.75, 6.5, 3.25, 7.25], "texture": "#0"},
				"east": {"uv": [0.25, 6.5, 1.75, 7.25], "texture": "#0"},
				"south": {"uv": [4.75, 6.5, 6.25, 7.25], "texture": "#0"},
				"west": {"uv": [3.25, 6.5, 4.75, 7.25], "texture": "#0"},
				"up": {"uv": [1.75, 5, 3.25, 6.5], "texture": "#0"},
				"down": {"uv": [0, 0, 0, 0], "texture": "#0"}
			}
		},
		{
			"from": [4, 16, 4],
			"to": [12, 18, 12],
			"faces": {
				"north": {"uv": [9.01667, 9.25, 10.96667, 9.75], "texture": "#0"},
				"east": {"uv": [10.97917, 9.25, 13.00417, 9.75], "texture": "#0"},
				"south": {"uv": [13.01667, 9.25, 14.95417, 9.75], "texture": "#0"},
				"west": {"uv": [7.01667, 9.25, 9.01667, 9.75], "texture": "#0"},
				"up": {"uv": [9.03333, 7.25, 10.99583, 9.25], "texture": "#0"},
				"down": {"uv": [11.02083, 7.25, 13.02083, 9.25], "texture": "#0"}
			}
		}
	],
	"gui_light": "front",
	"display": {
		"thirdperson_righthand": {
			"translation": [0, -2.75, 0],
			"scale": [0.41, 0.41, 0.41]
		},
		"thirdperson_lefthand": {
			"translation": [0, -2.75, 0],
			"scale": [0.41, 0.41, 0.41]
		},
		"firstperson_righthand": {
			"rotation": [0, 45, 0],
			"scale": [0.4, 0.4, 0.4]
		},
		"firstperson_lefthand": {
			"rotation": [0, 225, 0],
			"scale": [0.4, 0.4, 0.4]
		},
		"ground": {
			"translation": [0, 3, 0],
			"scale": [0.25, 0.25, 0.25]
		},
		"gui": {
			"rotation": [30, 225, 0],
			"scale": [0.625, 0.625, 0.625]
		},
		"head": {
			"rotation": [0, 180, 0],
			"translation": [0, 1.75, -0.25]
		},
		"fixed": {
			"scale": [0.81, 0.81, 0.81]
		}
	}
}