{
	"credit": "Made by McFella",
	"parent": "block/block",
	"texture_size": [64, 64],
	"textures": {
		"0": "item/potion",
		"1": "item/potion_overlay",
		"particle": "block/glass"
	},
	"elements": [
		{
			"from": [14, 0, 2],
			"to": [14, 12, 14],
			"faces": {
				"north": {"uv": [7, 13, 10, 16], "texture": "#0"},
				"east": {"uv": [10, 13, 13, 16], "texture": "#0"},
				"south": {"uv": [9.97917, 13, 12.97917, 16], "texture": "#0"},
				"west": {"uv": [4, 13, 7, 16], "texture": "#0"},
				"up": {"uv": [7, 10, 10, 13], "texture": "#0"},
				"down": {"uv": [9.97917, 10, 12.97917, 13], "texture": "#0"}
			}
		},
		{
			"from": [2, 0, 2],
			"to": [2, 12, 14],
			"rotation": {"angle": 0, "axis": "z", "origin": [2, 12, 8]},
			"faces": {
				"north": {"uv": [7, 13, 10, 16], "texture": "#0"},
				"east": {"uv": [10, 13, 13, 16], "texture": "#0"},
				"south": {"uv": [9.97917, 13, 12.97917, 16], "texture": "#0"},
				"west": {"uv": [4, 13, 7, 16], "texture": "#0"},
				"up": {"uv": [7, 10, 10, 13], "texture": "#0"},
				"down": {"uv": [9.97917, 10, 12.97917, 13], "texture": "#0"}
			}
		},
		{
			"from": [2, 12, 2],
			"to": [14, 12, 14],
			"rotation": {"angle": 0, "axis": "z", "origin": [2, 12, 8]},
			"faces": {
				"north": {"uv": [7, 13, 10, 16], "rotation": 90, "texture": "#0"},
				"east": {"uv": [9.97917, 10, 12.97917, 13], "rotation": 270, "texture": "#0"},
				"south": {"uv": [9.97917, 13, 12.97917, 16], "rotation": 270, "texture": "#0"},
				"west": {"uv": [7, 10, 10, 13], "rotation": 270, "texture": "#0"},
				"up": {"uv": [10, 13, 13, 16], "rotation": 270, "texture": "#0"},
				"down": {"uv": [4, 13, 7, 16], "rotation": 270, "texture": "#0"}
			}
		},
		{
			"from": [2, 0, 2],
			"to": [14, 0, 14],
			"rotation": {"angle": 0, "axis": "z", "origin": [2, 12, 8]},
			"faces": {
				"north": {"uv": [7, 13, 10, 16], "rotation": 90, "texture": "#0"},
				"east": {"uv": [9.97917, 10, 12.97917, 13], "rotation": 270, "texture": "#0"},
				"south": {"uv": [9.97917, 13, 12.97917, 16], "rotation": 270, "texture": "#0"},
				"west": {"uv": [7, 10, 10, 13], "rotation": 270, "texture": "#0"},
				"up": {"uv": [10, 13, 13, 16], "rotation": 270, "texture": "#0"},
				"down": {"uv": [4, 13, 7, 16], "rotation": 270, "texture": "#0"}
			}
		},
		{
			"from": [2, 0, 2],
			"to": [14, 12, 2],
			"rotation": {"angle": 0, "axis": "y", "origin": [14, 6, 2]},
			"faces": {
				"north": {"uv": [4, 13, 7, 16], "texture": "#0"},
				"east": {"uv": [7, 13, 10, 16], "texture": "#0"},
				"south": {"uv": [10, 13, 13, 16], "texture": "#0"},
				"west": {"uv": [9.97917, 13, 12.97917, 16], "texture": "#0"},
				"up": {"uv": [7, 10, 10, 13], "rotation": 90, "texture": "#0"},
				"down": {"uv": [9.97917, 10, 12.97917, 13], "rotation": 270, "texture": "#0"}
			}
		},
		{
			"from": [2, 0, 14],
			"to": [14, 12, 14],
			"rotation": {"angle": 0, "axis": "y", "origin": [14, 6, 2]},
			"faces": {
				"north": {"uv": [4, 13, 7, 16], "texture": "#0"},
				"east": {"uv": [7, 13, 10, 16], "texture": "#0"},
				"south": {"uv": [10, 13, 13, 16], "texture": "#0"},
				"west": {"uv": [9.97917, 13, 12.97917, 16], "texture": "#0"},
				"up": {"uv": [7, 10, 10, 13], "rotation": 90, "texture": "#0"},
				"down": {"uv": [9.97917, 10, 12.97917, 13], "rotation": 270, "texture": "#0"}
			}
		},
		{
			"from": [9, 11.5, 5],
			"to": [11, 14.5, 11],
			"rotation": {"angle": 0, "axis": "x", "origin": [8, 12, 8]},
			"faces": {
				"north": {"uv": [1.75, 6.5, 2.25, 7.25], "texture": "#0"},
				"east": {"uv": [0.25, 6.5, 1.75, 7.25], "texture": "#0"},
				"south": {"uv": [4.75, 6.5, 5.25, 7.25], "texture": "#0"},
				"west": {"uv": [3.25, 6.5, 4.75, 7.25], "texture": "#0"},
				"up": {"uv": [1.75, 5, 2.25, 6.5], "texture": "#0"},
				"down": {"uv": [0, 0, 0, 0], "texture": "#0"}
			}
		},
		{
			"from": [5, 11.5, 5],
			"to": [7, 14.5, 11],
			"rotation": {"angle": 0, "axis": "x", "origin": [8, 12, 8]},
			"faces": {
				"north": {"uv": [1.75, 6.5, 2.25, 7.25], "texture": "#0"},
				"east": {"uv": [0.25, 6.5, 1.75, 7.25], "texture": "#0"},
				"south": {"uv": [4.75, 6.5, 5.25, 7.25], "texture": "#0"},
				"west": {"uv": [3.25, 6.5, 4.75, 7.25], "texture": "#0"},
				"up": {"uv": [1.75, 5, 2.25, 6.5], "texture": "#0"},
				"down": {"uv": [0, 0, 0, 0], "texture": "#0"}
			}
		},
		{
			"from": [3, 1, 3],
			"to": [13, 7, 13],
			"faces": {
				"north": {"uv": [7.75, 2.5, 10.25, 4], "texture": "#1", "tintindex": 0},
				"east": {"uv": [10.25, 2.5, 12.75, 4], "texture": "#1", "tintindex": 0},
				"south": {"uv": [12.75, 2.5, 15.25, 4], "texture": "#1", "tintindex": 0},
				"west": {"uv": [5.25, 2.5, 7.75, 4], "texture": "#1", "tintindex": 0},
				"up": {"uv": [7.75, 0, 10.25, 2.5], "texture": "#1", "tintindex": 0},
				"down": {"uv": [10.25, 0, 12.75, 2.5], "texture": "#1", "tintindex": 0}
			}
		}
	],
	"gui_light": "front",
	"display": {
		"thirdperson_righthand": {
			"translation": [0, -2.75, 0],
			"scale": [0.41, 0.41, 0.41]
		},
		"thirdperson_lefthand": {
			"translation": [0, -2.75, 0],
			"scale": [0.41, 0.41, 0.41]
		},
		"firstperson_righthand": {
			"rotation": [0, 45, 0],
			"scale": [0.4, 0.4, 0.4]
		},
		"firstperson_lefthand": {
			"rotation": [0, 225, 0],
			"scale": [0.4, 0.4, 0.4]
		},
		"ground": {
			"translation": [0, 3, 0],
			"scale": [0.25, 0.25, 0.25]
		},
		"gui": {
			"rotation": [30, 225, 0],
			"scale": [0.625, 0.625, 0.625]
		},
		"head": {
			"rotation": [0, 180, 0],
			"translation": [0, 1.75, -0.25]
		},
		"fixed": {
			"scale": [0.81, 0.81, 0.81]
		}
	}
}