{
  "model": {
    "type": "minecraft:select",
    "property": "minecraft:display_context",
    "cases": [
      {
        "when": "firstperson_righthand",
        "model": {
          "type": "minecraft:model",
          "model": "minecraft:block/acacia/acacia_doors/acacia_trapdoor_open_b",
          "tints": []
        }
      },
      {
        "when": "firstperson_lefthand",
        "model": {
          "type": "minecraft:model",
          "model": "minecraft:block/acacia/acacia_doors/acacia_trapdoor_open_b"
        }
      },
      {
        "when": "thirdperson_righthand",
        "model": {
          "type": "minecraft:model",
          "model": "minecraft:block/acacia/acacia_doors/acacia_trapdoor_open_b"
        }
      },
      {
        "when": "thirdperson_lefthand",
        "model": {
          "type": "minecraft:model",
          "model": "minecraft:block/acacia/acacia_doors/acacia_trapdoor_open_b"
        }
      }
    ],
    "fallback": {
      "type": "minecraft:model",
      "model": "minecraft:item/acacia_trapdoor"
    }
  }
}