{
  "model": {
    "type": "minecraft:select",
    "property": "minecraft:display_context",
    "cases": [
      {
        "when": "firstperson_righthand",
        "model": {
          "type": "minecraft:model",
          "model": "minecraft:item/3d_hand/3d_item_door_bamboo",
          "tints": []
        }
      },
      {
        "when": "firstperson_lefthand",
        "model": {
          "type": "minecraft:model",
          "model": "minecraft:item/3d_hand/3d_item_door_bamboo"
        }
      },
      {
        "when": "thirdperson_righthand",
        "model": {
          "type": "minecraft:model",
          "model": "minecraft:item/3d_hand/3d_item_door_bamboo"
        }
      },
      {
        "when": "thirdperson_lefthand",
        "model": {
          "type": "minecraft:model",
          "model": "minecraft:item/3d_hand/3d_item_door_bamboo"
        }
      }
    ],
    "fallback": {
      "type": "minecraft:model",
      "model": "minecraft:item/bamboo_door"
    }
  }
}