{
  "model": {
    "type": "minecraft:select",
    "property": "minecraft:display_context",
    "cases": [
      {
        "when": "gui",
        "model": {
          "type": "minecraft:model",
          "model": "minecraft:item/beetroot_soup"
        }
      },
      {
        "when": "ground",
        "model": {
          "type": "minecraft:model",
          "model": "minecraft:item/beetroot_soup",
          "tints": []
        }
      },
      {
        "when": "fixed",
        "model": {
          "type": "minecraft:model",
          "model": "minecraft:item/beetroot_soup"
        }
      },
      {
        "when": "head",
        "model": {
          "type": "minecraft:model",
          "model": "minecraft:item/3d_hand/3p_beetroot_soup"
        }
      }
    ],
    "fallback": {
      "type": "minecraft:condition",
      "property": "minecraft:using_item",
      "on_true": {
        "type": "minecraft:range_dispatch",
        "property": "minecraft:use_duration",
        "remaining": true,
        "scale": 0.045,
        "entries": [
          {
            "threshold": 1,
            "model": {
              "type": "minecraft:model",
              "model": "minecraft:item/3d_hand/3p_beetroot_soup_eat0"
            }
          },
          {
            "threshold": 0.84,
            "model": {
              "type": "minecraft:model",
              "model": "minecraft:item/3d_hand/3p_beetroot_soup_eat1"
            }
          },
          {
            "threshold": 0.7,
            "model": {
              "type": "minecraft:model",
              "model": "minecraft:item/3d_hand/3p_beetroot_soup_eat2"
            }
          },
          {
            "threshold": 0.56,
            "model": {
              "type": "minecraft:model",
              "model": "minecraft:item/3d_hand/3p_beetroot_soup_eat3"
            }
          },
          {
            "threshold": 0.42,
            "model": {
              "type": "minecraft:model",
              "model": "minecraft:item/3d_hand/3p_beetroot_soup_eat4"
            }
          },
          {
            "threshold": 0.28,
            "model": {
              "type": "minecraft:model",
              "model": "minecraft:item/3d_hand/3p_beetroot_soup_eat5"
            }
          },
		  
          {
            "threshold": 0.14,
            "model": {
              "type": "minecraft:model",
              "model": "minecraft:item/3d_hand/3p_beetroot_soup_eat6"
            }
          },
          {
            "threshold": 0.09,
            "model": {
              "type": "minecraft:model",
              "model": "minecraft:item/3d_hand/3p_beetroot_soup_eat7"
            }
          }
        ],
        "fallback": {
          "type": "minecraft:model",
          "model": "minecraft:item/3d_hand/3p_beetroot_soup"
        }
      },
      "on_false": {
        "type": "minecraft:model",
        "model": "minecraft:item/3d_hand/3p_beetroot_soup"
      }
    }
  }
}