{
  "model": {
    "type": "minecraft:condition",
    "on_false": {
      "type": "minecraft:model",
      "model": "minecraft:item/bow/3d/3d_bow"
    },
    "on_true": {
      "type": "minecraft:range_dispatch",
      "entries": [
	    {"model": {"type": "minecraft:model","model": "minecraft:item/bow/3d/3d_bow_pulling_0"},"threshold": 0.037},
		{"model": {"type": "minecraft:model","model": "minecraft:item/bow/3d/3d_bow_pulling_1"},"threshold": 0.074},
		{"model": {"type": "minecraft:model","model": "minecraft:item/bow/3d/3d_bow_pulling_2"},"threshold": 0.111},
		{"model": {"type": "minecraft:model","model": "minecraft:item/bow/3d/3d_bow_pulling_3"},"threshold": 0.148},
		{"model": {"type": "minecraft:model","model": "minecraft:item/bow/3d/3d_bow_pulling_4"},"threshold": 0.185},
		{"model": {"type": "minecraft:model","model": "minecraft:item/bow/3d/3d_bow_pulling_5"},"threshold": 0.222},
		{"model": {"type": "minecraft:model","model": "minecraft:item/bow/3d/3d_bow_pulling_6"},"threshold": 0.259},
		{"model": {"type": "minecraft:model","model": "minecraft:item/bow/3d/3d_bow_pulling_7"},"threshold": 0.296},
		{"model": {"type": "minecraft:model","model": "minecraft:item/bow/3d/3d_bow_pulling_8"},"threshold": 0.333},
		{"model": {"type": "minecraft:model","model": "minecraft:item/bow/3d/3d_bow_pulling_9"},"threshold": 0.370},
		{"model": {"type": "minecraft:model","model": "minecraft:item/bow/3d/3d_bow_pulling_10"},"threshold": 0.407},
		{"model": {"type": "minecraft:model","model": "minecraft:item/bow/3d/3d_bow_pulling_11"},"threshold": 0.444},
		{"model": {"type": "minecraft:model","model": "minecraft:item/bow/3d/3d_bow_pulling_12"},"threshold": 0.481},
		{"model": {"type": "minecraft:model","model": "minecraft:item/bow/3d/3d_bow_pulling_13"},"threshold": 0.518},
		{"model": {"type": "minecraft:model","model": "minecraft:item/bow/3d/3d_bow_pulling_14"},"threshold": 0.555},
		{"model": {"type": "minecraft:model","model": "minecraft:item/bow/3d/3d_bow_pulling_15"},"threshold": 0.592},
		{"model": {"type": "minecraft:model","model": "minecraft:item/bow/3d/3d_bow_pulling_16"},"threshold": 0.629},
		{"model": {"type": "minecraft:model","model": "minecraft:item/bow/3d/3d_bow_pulling_17"},"threshold": 0.666},
		{"model": {"type": "minecraft:model","model": "minecraft:item/bow/3d/3d_bow_pulling_18"},"threshold": 0.703},
		{"model": {"type": "minecraft:model","model": "minecraft:item/bow/3d/3d_bow_pulling_19"},"threshold": 0.740},
		{"model": {"type": "minecraft:model","model": "minecraft:item/bow/3d/3d_bow_pulling_20"},"threshold": 0.777},
		{"model": {"type": "minecraft:model","model": "minecraft:item/bow/3d/3d_bow_pulling_21"},"threshold": 0.814},
		{"model": {"type": "minecraft:model","model": "minecraft:item/bow/3d/3d_bow_pulling_22"},"threshold": 0.851},
		{"model": {"type": "minecraft:model","model": "minecraft:item/bow/3d/3d_bow_pulling_23"},"threshold": 0.888},
		{"model": {"type": "minecraft:model","model": "minecraft:item/bow/3d/3d_bow_pulling_24"},"threshold": 0.925},
		{"model": {"type": "minecraft:model","model": "minecraft:item/bow/3d/3d_bow_pulling_25"},"threshold": 0.962}
      ],
      "fallback": {
        "type": "minecraft:model",
        "model": "minecraft:item/bow/3d/3d_bow_pulling_0"
      },
      "property": "minecraft:use_duration",
      "scale": 0.05
    },
    "property": "minecraft:using_item"
  }
}