{
  "model": {
    "type": "minecraft:select",
    "property": "minecraft:display_context",
    "cases": [
      {
        "when": "firstperson_righthand",
        "model": {
          "type": "minecraft:model",
          "model": "minecraft:item/fishing_rod32_carrot",
          "tints": []
        }
      },
      {
        "when": "firstperson_lefthand",
        "model": {
          "type": "minecraft:model",
          "model": "minecraft:item/fishing_rod32_carrot"
        }
      },
      {
        "when": "thirdperson_righthand",
        "model": {
          "type": "minecraft:model",
          "model": "minecraft:item/fishing_rod32_carrot"
        }
      },
      {
        "when": "thirdperson_lefthand",
        "model": {
          "type": "minecraft:model",
          "model": "minecraft:item/fishing_rod32_carrot"
        }
      }
    ],
    "fallback": {
      "type": "minecraft:model",
      "model": "minecraft:item/carrot_on_a_stick"
    }
  }
}