{
  "variants": {
    "":[
	  { "model": "block/flowers/allium_a01", "weight": 25},
	  { "model": "block/flowers/allium_a02", "weight": 25},
	  { "model": "block/flowers/allium_a03", "weight": 25},
	  
	  { "model": "block/flowers/allium_b01", "weight": 25},
	  { "model": "block/flowers/allium_b02", "weight": 25},
	  { "model": "block/flowers/allium_b03", "weight": 25},
	  
	  { "model": "block/flowers/allium_c01", "weight": 25},
	  { "model": "block/flowers/allium_c02", "weight": 25},
	  { "model": "block/flowers/allium_c03", "weight": 25}
    ]
  }
}