{
  "variants": {
    "facing=north": [
	  { "model": "minecraft:block/pumpkin/carved1", "weight": 1 },
	  { "model": "minecraft:block/pumpkin/carved2", "weight": 1 },
	  { "model": "minecraft:block/pumpkin/carved3", "weight": 1 },
	  { "model": "minecraft:block/pumpkin/carved4", "weight": 1 },
	  { "model": "minecraft:block/pumpkin/carved5", "weight": 1 },
	  { "model": "minecraft:block/pumpkin/carved6", "weight": 1 },
	  { "model": "minecraft:block/pumpkin/carved7", "weight": 1 },
	  { "model": "minecraft:block/pumpkin/carved8", "weight": 1 },
	  { "model": "minecraft:block/pumpkin/carved9", "weight": 1 },
	  
	  { "model": "minecraft:block/pumpkin/carved10", "weight": 1 },
	  { "model": "minecraft:block/pumpkin/carved11", "weight": 1 },
	  { "model": "minecraft:block/pumpkin/carved12", "weight": 1 },
	  { "model": "minecraft:block/pumpkin/carved13", "weight": 1 },
	  { "model": "minecraft:block/pumpkin/carved14", "weight": 1 },
	  { "model": "minecraft:block/pumpkin/carved15", "weight": 1 },
	  { "model": "minecraft:block/pumpkin/carved16", "weight": 1 },
	  { "model": "minecraft:block/pumpkin/carved17", "weight": 1 },
	  { "model": "minecraft:block/pumpkin/carved18", "weight": 1 },
	  { "model": "minecraft:block/pumpkin/carved19", "weight": 1 },
	  
	  { "model": "minecraft:block/pumpkin/carved20", "weight": 1 },
	  { "model": "minecraft:block/pumpkin/carved21", "weight": 1 },
	  { "model": "minecraft:block/pumpkin/carved22", "weight": 1 },
	  { "model": "minecraft:block/pumpkin/carved23", "weight": 1 },
	  { "model": "minecraft:block/pumpkin/carved24", "weight": 1 }
    ],
	
    "facing=east": [
	  { "model": "minecraft:block/pumpkin/carved1", "weight": 1,"y":90 },
	  { "model": "minecraft:block/pumpkin/carved2", "weight": 1,"y":90 },
	  { "model": "minecraft:block/pumpkin/carved3", "weight": 1,"y":90 },
	  { "model": "minecraft:block/pumpkin/carved4", "weight": 1,"y":90 },
	  { "model": "minecraft:block/pumpkin/carved5", "weight": 1,"y":90 },
	  { "model": "minecraft:block/pumpkin/carved6", "weight": 1,"y":90 },
	  { "model": "minecraft:block/pumpkin/carved7", "weight": 1,"y":90 },
	  { "model": "minecraft:block/pumpkin/carved8", "weight": 1,"y":90 },
	  { "model": "minecraft:block/pumpkin/carved9", "weight": 1,"y":90 },
	  
	  { "model": "minecraft:block/pumpkin/carved10", "weight": 1,"y":90 },
	  { "model": "minecraft:block/pumpkin/carved11", "weight": 1,"y":90 },
	  { "model": "minecraft:block/pumpkin/carved12", "weight": 1,"y":90 },
	  { "model": "minecraft:block/pumpkin/carved13", "weight": 1,"y":90 },
	  { "model": "minecraft:block/pumpkin/carved14", "weight": 1,"y":90 },
	  { "model": "minecraft:block/pumpkin/carved15", "weight": 1,"y":90 },
	  { "model": "minecraft:block/pumpkin/carved16", "weight": 1,"y":90 },
	  { "model": "minecraft:block/pumpkin/carved17", "weight": 1,"y":90 },
	  { "model": "minecraft:block/pumpkin/carved18", "weight": 1,"y":90 },
	  { "model": "minecraft:block/pumpkin/carved19", "weight": 1,"y":90 },
	  
	  { "model": "minecraft:block/pumpkin/carved20", "weight": 1,"y":90 },
	  { "model": "minecraft:block/pumpkin/carved21", "weight": 1,"y":90 },
	  { "model": "minecraft:block/pumpkin/carved22", "weight": 1,"y":90 },
	  { "model": "minecraft:block/pumpkin/carved23", "weight": 1,"y":90 },
	  { "model": "minecraft:block/pumpkin/carved24", "weight": 1,"y":90 }
    ],
	
    "facing=south": [
	  { "model": "minecraft:block/pumpkin/carved1", "weight": 1,"y":180 },
	  { "model": "minecraft:block/pumpkin/carved2", "weight": 1,"y":180 },
	  { "model": "minecraft:block/pumpkin/carved3", "weight": 1,"y":180 },
	  { "model": "minecraft:block/pumpkin/carved4", "weight": 1,"y":180 },
	  { "model": "minecraft:block/pumpkin/carved5", "weight": 1,"y":180 },
	  { "model": "minecraft:block/pumpkin/carved6", "weight": 1,"y":180 },
	  { "model": "minecraft:block/pumpkin/carved7", "weight": 1,"y":180 },
	  { "model": "minecraft:block/pumpkin/carved8", "weight": 1,"y":180 },
	  { "model": "minecraft:block/pumpkin/carved9", "weight": 1,"y":180 },
	  
	  { "model": "minecraft:block/pumpkin/carved10", "weight": 1,"y":180 },
	  { "model": "minecraft:block/pumpkin/carved11", "weight": 1,"y":180 },
	  { "model": "minecraft:block/pumpkin/carved12", "weight": 1,"y":180 },
	  { "model": "minecraft:block/pumpkin/carved13", "weight": 1,"y":180 },
	  { "model": "minecraft:block/pumpkin/carved14", "weight": 1,"y":180 },
	  { "model": "minecraft:block/pumpkin/carved15", "weight": 1,"y":180 },
	  { "model": "minecraft:block/pumpkin/carved16", "weight": 1,"y":180 },
	  { "model": "minecraft:block/pumpkin/carved17", "weight": 1,"y":180 },
	  { "model": "minecraft:block/pumpkin/carved18", "weight": 1,"y":180 },
	  { "model": "minecraft:block/pumpkin/carved19", "weight": 1,"y":180 },
	  
	  { "model": "minecraft:block/pumpkin/carved20", "weight": 1,"y":180 },
	  { "model": "minecraft:block/pumpkin/carved21", "weight": 1,"y":180 },
	  { "model": "minecraft:block/pumpkin/carved22", "weight": 1,"y":180 },
	  { "model": "minecraft:block/pumpkin/carved23", "weight": 1,"y":180 },
	  { "model": "minecraft:block/pumpkin/carved24", "weight": 1,"y":180 }
    ],
	
    "facing=west": [
	  { "model": "minecraft:block/pumpkin/carved1", "weight": 1,"y":270 },
	  { "model": "minecraft:block/pumpkin/carved2", "weight": 1,"y":270 },
	  { "model": "minecraft:block/pumpkin/carved3", "weight": 1,"y":270 },
	  { "model": "minecraft:block/pumpkin/carved4", "weight": 1,"y":270 },
	  { "model": "minecraft:block/pumpkin/carved5", "weight": 1,"y":270 },
	  { "model": "minecraft:block/pumpkin/carved6", "weight": 1,"y":270 },
	  { "model": "minecraft:block/pumpkin/carved7", "weight": 1,"y":270 },
	  { "model": "minecraft:block/pumpkin/carved8", "weight": 1,"y":270 },
	  { "model": "minecraft:block/pumpkin/carved9", "weight": 1,"y":270 },
	  
	  { "model": "minecraft:block/pumpkin/carved10", "weight": 1,"y":270 },
	  { "model": "minecraft:block/pumpkin/carved11", "weight": 1,"y":270 },
	  { "model": "minecraft:block/pumpkin/carved12", "weight": 1,"y":270 },
	  { "model": "minecraft:block/pumpkin/carved13", "weight": 1,"y":270 },
	  { "model": "minecraft:block/pumpkin/carved14", "weight": 1,"y":270 },
	  { "model": "minecraft:block/pumpkin/carved15", "weight": 1,"y":270 },
	  { "model": "minecraft:block/pumpkin/carved16", "weight": 1,"y":270 },
	  { "model": "minecraft:block/pumpkin/carved17", "weight": 1,"y":270 },
	  { "model": "minecraft:block/pumpkin/carved18", "weight": 1,"y":270 },
	  { "model": "minecraft:block/pumpkin/carved19", "weight": 1,"y":270 },
	  
	  { "model": "minecraft:block/pumpkin/carved20", "weight": 1,"y":270 },
	  { "model": "minecraft:block/pumpkin/carved21", "weight": 1,"y":270 },
	  { "model": "minecraft:block/pumpkin/carved22", "weight": 1,"y":270 },
	  { "model": "minecraft:block/pumpkin/carved23", "weight": 1,"y":270 },
	  { "model": "minecraft:block/pumpkin/carved24", "weight": 1, "y":270 }
    ]
  }
}