{
  "variants": {
    "":[
	  { "model": "minecraft:block/respackopts/cobblestone_01_bugfix", "weight": 25},
	  { "model": "minecraft:block/respackopts/cobblestone_02_bugfix", "weight": 3},
	  { "model": "minecraft:block/respackopts/cobblestone_03_bugfix", "weight": 5},  
	  { "model": "minecraft:block/respackopts/cobblestone_04_bugfix", "weight": 1},
	  { "model": "minecraft:block/respackopts/cobblestone_05_bugfix", "weight": 20},
	  { "model": "minecraft:block/respackopts/cobblestone_06_bugfix", "weight": 15},
	  { "model": "minecraft:block/respackopts/cobblestone_07_bugfix", "weight": 15},
	  { "model": "minecraft:block/respackopts/cobblestone_08_bugfix", "weight": 15}
    ]
  }
}