{
  "variants": {
    "facing=east": [
	{ "model": "minecraft:block/torch/copper_torch_wall" },
	{ "model": "minecraft:block/torch/copper_torch_wall" },
	{ "model": "minecraft:block/torch/copper_torch_wall" }
	],
	
    "facing=north": [
	{ "model": "minecraft:block/torch/copper_torch_wall",
      "y": 270 },
	{ "model": "minecraft:block/torch/copper_torch_wall",
      "y": 270 },
	{ "model": "minecraft:block/torch/copper_torch_wall",
      "y": 270 }
	],
	
    "facing=south": [
	{ "model": "minecraft:block/torch/copper_torch_wall",
      "y": 90 },
	{ "model": "minecraft:block/torch/copper_torch_wall",
      "y": 90 },
	{ "model": "minecraft:block/torch/copper_torch_wall",
      "y": 90 }
	],
	
    "facing=west": [
	{ "model": "minecraft:block/torch/copper_torch_wall",
      "y": 180 },
	{ "model": "minecraft:block/torch/copper_torch_wall",
      "y": 180 },
	{ "model": "minecraft:block/torch/copper_torch_wall",
      "y": 180 }
	]
  }
}