{
  "multipart": [
    {
      "apply": [
	  {"model": "minecraft:block/deepslate/deepslate","x": 90,"y": 90, "weight":10},
	  {"model": "minecraft:block/deepslate/deepslate1","x": 90,"y": 90, "weight":10},
	  {"model": "minecraft:block/deepslate/deepslate2","x": 90,"y": 90, "weight":15},
	  {"model": "minecraft:block/deepslate/deepslate3","x": 90,"y": 90, "weight":10},
	  {"model": "minecraft:block/deepslate/deepslate4","x": 90,"y": 90, "weight":10},
	  {"model": "minecraft:block/deepslate/deepslate5","x": 90,"y": 90, "weight":13},

	  {"model": "minecraft:block/deepslate/deepslate8","x": 90,"y": 90, "weight":13},
	  {"model": "minecraft:block/deepslate/deepslate9","x": 90,"y": 90, "weight":13},
	  {"model": "minecraft:block/deepslate/deepslate10","x": 90,"y": 90, "weight":13},
	  {"model": "minecraft:block/deepslate/deepslate11","x": 90,"y": 90, "weight":13},
	  {"model": "minecraft:block/deepslate/deepslate12","x": 90,"y": 90, "weight":13}
	  ],
      "when": {"axis": "x"}
    },	
    {
      "apply": [
      {"model": "minecraft:block/deepslate/deepslate","x": 90,"y": 180, "weight":10},
      {"model": "minecraft:block/deepslate/deepslate1","x": 90,"y": 180, "weight":10},
      {"model": "minecraft:block/deepslate/deepslate2","x": 90,"y": 180, "weight":15},
      {"model": "minecraft:block/deepslate/deepslate3","x": 90,"y": 180, "weight":10},
	  {"model": "minecraft:block/deepslate/deepslate4","x": 90,"y": 180, "weight":10},
	  {"model": "minecraft:block/deepslate/deepslate5","x": 90,"y": 180, "weight":13},

	  {"model": "minecraft:block/deepslate/deepslate8","x": 90,"y": 180, "weight":13},
	  {"model": "minecraft:block/deepslate/deepslate9","x": 90,"y": 180, "weight":13},
	  {"model": "minecraft:block/deepslate/deepslate10","x": 90,"y": 180, "weight":13},
	  {"model": "minecraft:block/deepslate/deepslate11","x": 90,"y": 180, "weight":13},
	  {"model": "minecraft:block/deepslate/deepslate12","x": 90,"y": 180, "weight":13}
	  ],
      "when": {"axis": "z"}
    },
    {
      "apply": [
      {"model": "minecraft:block/deepslate/deepslate", "weight":10},
	  {"model": "minecraft:block/deepslate/deepslate1", "weight":10},
	  {"model": "minecraft:block/deepslate/deepslate2", "weight":15},
	  {"model": "minecraft:block/deepslate/deepslate3", "weight":10},
	  {"model": "minecraft:block/deepslate/deepslate4", "weight":10},
	  {"model": "minecraft:block/deepslate/deepslate5", "weight":13},

	  {"model": "minecraft:block/deepslate/deepslate8", "weight":13},
	  {"model": "minecraft:block/deepslate/deepslate9", "weight":13},
	  {"model": "minecraft:block/deepslate/deepslate10", "weight":13},
	  {"model": "minecraft:block/deepslate/deepslate11", "weight":13},
	  {"model": "minecraft:block/deepslate/deepslate12", "weight":13}
	  ],
      "when": {"axis": "y"}
    },
	
    {
      "apply": [
	  {"model": "minecraft:block/deepslate/deepslate_top","x": 90,"y": 90, "weight":10}
	  ],
      "when": {"axis": "x"}
    },
    {
      "apply": [
	  {"model": "minecraft:block/deepslate/deepslate_top","x": 90, "weight":10}
	  ],
      "when": {"axis": "z"}
    },
    {
      "apply": [
	  {"model": "minecraft:block/deepslate/deepslate_top", "weight":10}
	  ],
      "when": {"axis": "y"}
    }
  ]
}