{
  "variants": {
    "moisture=0": {
      "model": "minecraft:block/farmland_0"
    },
    "moisture=1": {
      "model": "minecraft:block/farmland_7"
    },
    "moisture=2": {
      "model": "minecraft:block/farmland_7"
    },
    "moisture=3": {
      "model": "minecraft:block/farmland_7"
    },
    "moisture=4": {
      "model": "minecraft:block/farmland_7"
    },
    "moisture=5": {
      "model": "minecraft:block/farmland_7"
    },
    "moisture=6": {
      "model": "minecraft:block/farmland_7"
    },
    "moisture=7": {
      "model": "minecraft:block/farmland_7"
    }
  }
}