{
  "variants": {
    "":[
      { "model": "minecraft:block/grass/grass_grass/grass00", "y": 0 },
	  { "model": "minecraft:block/grass/grass_grass/grass00-a", "y": 0 },
	  { "model": "minecraft:block/grass/grass_grass/grass00-b", "y": 0 },
	  
	  { "model": "minecraft:block/grass/grass_grass/grass01", "y": 0 },
	  { "model": "minecraft:block/grass/grass_grass/grass01-a", "y": 0 },
	  { "model": "minecraft:block/grass/grass_grass/grass01-b", "y": 0 },
	  
	  { "model": "minecraft:block/grass/grass_grass/grass02", "y": 0 },
	  { "model": "minecraft:block/grass/grass_grass/grass02-a", "y": 0 },
	  { "model": "minecraft:block/grass/grass_grass/grass02-b", "y": 0 },

	  { "model": "minecraft:block/grass/grass_grass/grass03", "y": 0 },
	  { "model": "minecraft:block/grass/grass_grass/grass03-a", "y": 0 },
	  { "model": "minecraft:block/grass/grass_grass/grass03-b", "y": 0 }
    ]
  }
}