{
  "variants": {
    "": [
      {"model": "block/gravel/gravel_0", "weight": 1},
	  {"model": "block/gravel/gravel_1", "weight": 1},
	  {"model": "block/gravel/gravel_2", "weight": 1},
	  {"model": "block/gravel/gravel_3", "weight": 1},
	  {"model": "block/gravel/gravel_4", "weight": 1},
	  {"model": "block/gravel/gravel_5", "weight": 2},
	  {"model": "block/gravel/gravel_6", "weight": 2},
	  {"model": "block/gravel/gravel_7", "weight": 2},
	  {"model": "block/gravel/gravel_8", "weight": 1},
	  {"model": "block/gravel/gravel_9", "weight": 1},
	  {"model": "block/gravel/gravel_10", "weight": 1}
    ]
  }
}