{
  "variants": {
    "facing=down": [
      {"model": "minecraft:block/hopper/hopper_down", "weight": 5},
	  {"model": "minecraft:block/hopper/hopper_down2", "weight": 1}
    ],
    "facing=east": {
      "model": "minecraft:block/hopper/hopper_east"
    },
    "facing=north": {
      "model": "minecraft:block/hopper/hopper_north"
    },
    "facing=south": {
      "model": "minecraft:block/hopper/hopper_south"
    },
    "facing=west": {
      "model": "minecraft:block/hopper/hopper_west"
    }
  }
}