{
  "variants": {
    "facing=north": [
	  { "model": "minecraft:block/pumpkin/jack1", "weight": 1 },
	  { "model": "minecraft:block/pumpkin/jack2", "weight": 1 },
	  { "model": "minecraft:block/pumpkin/jack3", "weight": 1 },
	  { "model": "minecraft:block/pumpkin/jack4", "weight": 1 },
	  { "model": "minecraft:block/pumpkin/jack5", "weight": 1 },
	  { "model": "minecraft:block/pumpkin/jack6", "weight": 1 },
	  { "model": "minecraft:block/pumpkin/jack7", "weight": 1 },
	  { "model": "minecraft:block/pumpkin/jack8", "weight": 1 },
	  { "model": "minecraft:block/pumpkin/jack9", "weight": 1 },
	  
	  { "model": "minecraft:block/pumpkin/jack10", "weight": 1 },
	  { "model": "minecraft:block/pumpkin/jack11", "weight": 1 },
	  { "model": "minecraft:block/pumpkin/jack12", "weight": 1 },
	  { "model": "minecraft:block/pumpkin/jack13", "weight": 1 },
	  { "model": "minecraft:block/pumpkin/jack14", "weight": 1 },
	  { "model": "minecraft:block/pumpkin/jack15", "weight": 1 },
	  { "model": "minecraft:block/pumpkin/jack16", "weight": 1 },
	  { "model": "minecraft:block/pumpkin/jack17", "weight": 1 },
	  { "model": "minecraft:block/pumpkin/jack18", "weight": 1 },
	  { "model": "minecraft:block/pumpkin/jack19", "weight": 1 },
	  
	  { "model": "minecraft:block/pumpkin/jack20", "weight": 1 },
	  { "model": "minecraft:block/pumpkin/jack21", "weight": 1 },
	  { "model": "minecraft:block/pumpkin/jack22", "weight": 1 },
	  { "model": "minecraft:block/pumpkin/jack23", "weight": 1 },
	  { "model": "minecraft:block/pumpkin/jack24", "weight": 1 }
    ],
	
    "facing=east": [
	  { "model": "minecraft:block/pumpkin/jack1", "weight": 1,"y":90 },
	  { "model": "minecraft:block/pumpkin/jack2", "weight": 1,"y":90 },
	  { "model": "minecraft:block/pumpkin/jack3", "weight": 1,"y":90 },
	  { "model": "minecraft:block/pumpkin/jack4", "weight": 1,"y":90 },
	  { "model": "minecraft:block/pumpkin/jack5", "weight": 1,"y":90 },
	  { "model": "minecraft:block/pumpkin/jack6", "weight": 1,"y":90 },
	  { "model": "minecraft:block/pumpkin/jack7", "weight": 1,"y":90 },
	  { "model": "minecraft:block/pumpkin/jack8", "weight": 1,"y":90 },
	  { "model": "minecraft:block/pumpkin/jack9", "weight": 1,"y":90 },
	  
	  { "model": "minecraft:block/pumpkin/jack10", "weight": 1,"y":90 },
	  { "model": "minecraft:block/pumpkin/jack11", "weight": 1,"y":90 },
	  { "model": "minecraft:block/pumpkin/jack12", "weight": 1,"y":90 },
	  { "model": "minecraft:block/pumpkin/jack13", "weight": 1,"y":90 },
	  { "model": "minecraft:block/pumpkin/jack14", "weight": 1,"y":90 },
	  { "model": "minecraft:block/pumpkin/jack15", "weight": 1,"y":90 },
	  { "model": "minecraft:block/pumpkin/jack16", "weight": 1,"y":90 },
	  { "model": "minecraft:block/pumpkin/jack17", "weight": 1,"y":90 },
	  { "model": "minecraft:block/pumpkin/jack18", "weight": 1,"y":90 },
	  { "model": "minecraft:block/pumpkin/jack19", "weight": 1,"y":90 },
	  
	  { "model": "minecraft:block/pumpkin/jack20", "weight": 1,"y":90 },
	  { "model": "minecraft:block/pumpkin/jack21", "weight": 1,"y":90 },
	  { "model": "minecraft:block/pumpkin/jack22", "weight": 1,"y":90 },
	  { "model": "minecraft:block/pumpkin/jack23", "weight": 1,"y":90 },
	  { "model": "minecraft:block/pumpkin/jack24", "weight": 1,"y":90 }
    ],
	
    "facing=south": [
	  { "model": "minecraft:block/pumpkin/jack1", "weight": 1,"y":180 },
	  { "model": "minecraft:block/pumpkin/jack2", "weight": 1,"y":180 },
	  { "model": "minecraft:block/pumpkin/jack3", "weight": 1,"y":180 },
	  { "model": "minecraft:block/pumpkin/jack4", "weight": 1,"y":180 },
	  { "model": "minecraft:block/pumpkin/jack5", "weight": 1,"y":180 },
	  { "model": "minecraft:block/pumpkin/jack6", "weight": 1,"y":180 },
	  { "model": "minecraft:block/pumpkin/jack7", "weight": 1,"y":180 },
	  { "model": "minecraft:block/pumpkin/jack8", "weight": 1,"y":180 },
	  { "model": "minecraft:block/pumpkin/jack9", "weight": 1,"y":180 },
	  
	  { "model": "minecraft:block/pumpkin/jack10", "weight": 1,"y":180 },
	  { "model": "minecraft:block/pumpkin/jack11", "weight": 1,"y":180 },
	  { "model": "minecraft:block/pumpkin/jack12", "weight": 1,"y":180 },
	  { "model": "minecraft:block/pumpkin/jack13", "weight": 1,"y":180 },
	  { "model": "minecraft:block/pumpkin/jack14", "weight": 1,"y":180 },
	  { "model": "minecraft:block/pumpkin/jack15", "weight": 1,"y":180 },
	  { "model": "minecraft:block/pumpkin/jack16", "weight": 1,"y":180 },
	  { "model": "minecraft:block/pumpkin/jack17", "weight": 1,"y":180 },
	  { "model": "minecraft:block/pumpkin/jack18", "weight": 1,"y":180 },
	  { "model": "minecraft:block/pumpkin/jack19", "weight": 1,"y":180 },
	  
	  { "model": "minecraft:block/pumpkin/jack20", "weight": 1,"y":180 },
	  { "model": "minecraft:block/pumpkin/jack21", "weight": 1,"y":180 },
	  { "model": "minecraft:block/pumpkin/jack22", "weight": 1,"y":180 },
	  { "model": "minecraft:block/pumpkin/jack23", "weight": 1,"y":180 },
	  { "model": "minecraft:block/pumpkin/jack24", "weight": 1,"y":180 }
    ],
	
    "facing=west": [
	  { "model": "minecraft:block/pumpkin/jack1", "weight": 1,"y":270 },
	  { "model": "minecraft:block/pumpkin/jack2", "weight": 1,"y":270 },
	  { "model": "minecraft:block/pumpkin/jack3", "weight": 1,"y":270 },
	  { "model": "minecraft:block/pumpkin/jack4", "weight": 1,"y":270 },
	  { "model": "minecraft:block/pumpkin/jack5", "weight": 1,"y":270 },
	  { "model": "minecraft:block/pumpkin/jack6", "weight": 1,"y":270 },
	  { "model": "minecraft:block/pumpkin/jack7", "weight": 1,"y":270 },
	  { "model": "minecraft:block/pumpkin/jack8", "weight": 1,"y":270 },
	  { "model": "minecraft:block/pumpkin/jack9", "weight": 1,"y":270 },
	  
	  { "model": "minecraft:block/pumpkin/jack10", "weight": 1,"y":270 },
	  { "model": "minecraft:block/pumpkin/jack11", "weight": 1,"y":270 },
	  { "model": "minecraft:block/pumpkin/jack12", "weight": 1,"y":270 },
	  { "model": "minecraft:block/pumpkin/jack13", "weight": 1,"y":270 },
	  { "model": "minecraft:block/pumpkin/jack14", "weight": 1,"y":270 },
	  { "model": "minecraft:block/pumpkin/jack15", "weight": 1,"y":270 },
	  { "model": "minecraft:block/pumpkin/jack16", "weight": 1,"y":270 },
	  { "model": "minecraft:block/pumpkin/jack17", "weight": 1,"y":270 },
	  { "model": "minecraft:block/pumpkin/jack18", "weight": 1,"y":270 },
	  { "model": "minecraft:block/pumpkin/jack19", "weight": 1,"y":270 },
	  
	  { "model": "minecraft:block/pumpkin/jack20", "weight": 1,"y":270 },
	  { "model": "minecraft:block/pumpkin/jack21", "weight": 1,"y":270 },
	  { "model": "minecraft:block/pumpkin/jack22", "weight": 1,"y":270 },
	  { "model": "minecraft:block/pumpkin/jack23", "weight": 1,"y":270 },
	  { "model": "minecraft:block/pumpkin/jack24", "weight": 1, "y":270 }
    ]
  }
}