{
    "variants": {
        "half=lower": [ 
		    { "model": "block/lilac_bottom", "weight":1 },
			{ "model": "block/lilac_bottom2", "weight":1 },
			
			{ "model": "block/lilac_bottom_b1", "weight":1 }, { "model": "block/lilac_bottom_b2", "weight":1 },
			{ "model": "block/lilac_bottom_c1", "weight":1 }, { "model": "block/lilac_bottom_c2", "weight":1 }
			],
        "half=upper": [ 
		    { "model": "block/lilac_top", "weight":1 },
			{ "model": "block/lilac_top2", "weight":1 },
			
			{ "model": "block/lilac_top_b1", "weight":1 }, { "model": "block/lilac_top_b2", "weight":1 }, 
			{ "model": "block/lilac_top_c1", "weight":1 }, { "model": "block/lilac_top_c2", "weight":1 }
			]
    }
}
