{
  "multipart": [
    {
      "apply": {"model": "minecraft:block/leaves/spruce_leaves"},
      "when": {"persistent": "true"}
    },
    {
      "apply": [
	  {"model": "minecraft:block/leaves/pinecones/spruce_leaves_pinecone0", "weight":16},
	  {"model": "minecraft:block/leaves/pinecones/spruce_leaves_pinecone1", "weight":1},
	  {"model": "minecraft:block/leaves/pinecones/spruce_leaves_pinecone2", "weight":1},
	  {"model": "minecraft:block/leaves/pinecones/spruce_leaves_pinecone3", "weight":1},
	  {"model": "minecraft:block/leaves/pinecones/spruce_leaves_pinecone4", "weight":1},
	  {"model": "minecraft:block/leaves/pinecones/spruce_leaves_pinecone5", "weight":1},
	  {"model": "minecraft:block/leaves/pinecones/spruce_leaves_pinecone7", "weight":1}
	  ],
	  "when": {"persistent": "false"}
    },

	{"apply": {"model": "minecraft:block/leaves/natural/spruce_leaves"}, "when": {"persistent": "false", "distance": "1"}},
	{"apply": {"model": "minecraft:block/leaves/natural/spruce_leaves"}, "when": {"persistent": "false", "distance": "2"}},
	{"apply": {"model": "minecraft:block/leaves/natural/spruce_leaves"}, "when": {"persistent": "false", "distance": "3"}},
	{"apply": {"model": "minecraft:block/leaves/natural/spruce_leaves"}, "when": {"persistent": "false", "distance": "4"}},
	{"apply": {"model": "minecraft:block/leaves/natural/spruce_leaves"}, "when": {"persistent": "false", "distance": "5"}},
	{"apply": {"model": "minecraft:block/leaves/natural/spruce_leaves"}, "when": {"persistent": "false", "distance": "6"}},
	
	{"apply": {"model": "minecraft:block/leaves/natural/spruce_leaves"}, "when": {"persistent": "false", "distance": "7"}}
  ]
}