{
	"format_version": "1.21.6",
	"credit": "Made By Pancake",
	"parent": "block/block",
	"ambientocclusion": false,
	"textures": {
		"3": "block/beacon_obsidian_base",
		"glass": "block/glass",
		"beacon": "block/beacon",
		"particle": "block/beacon_particles"
	},
	"elements": [
		{
			"name": "Obsidian base",
			"from": [2, 0.49, 2],
			"to": [14, 3.49, 14],
			"rotation": {"angle": 0, "axis": "y", "origin": [0, 0.5, 0]},
			"faces": {
				"north": {"uv": [0, 12, 12, 15], "texture": "#3"},
				"east": {"uv": [0, 12, 12, 15], "texture": "#3"},
				"south": {"uv": [0, 12, 12, 15], "texture": "#3"},
				"west": {"uv": [0, 12, 12, 15], "texture": "#3"},
				"up": {"uv": [0, 0, 12, 12], "texture": "#3"},
				"down": {"uv": [0, 0, 12, 12], "texture": "#3"}
			}
		},
		{
			"name": "Inner beacon outline",
			"from": [13.5, 14.5, 13.5],
			"to": [2.5, 3.5, 2.5],
			"shade": false,
			"faces": {
				"north": {"uv": [0, 10, 1, 11], "texture": "#beacon"},
				"east": {"uv": [0, 10, 1, 11], "texture": "#beacon"},
				"south": {"uv": [0, 10, 1, 11], "texture": "#beacon"},
				"west": {"uv": [0, 10, 1, 11], "texture": "#beacon"},
				"up": {"uv": [0, 10, 1, 11], "texture": "#beacon"},
				"down": {"uv": [0, 10, 1, 11], "texture": "#beacon"}
			}
		},
		{
			"name": "Inner beacon outline",
			"from": [4.5, 3.5, 4.5],
			"to": [11.5, 4.5, 11.5],
			"shade": false,
			"rotation": {"angle": 0, "axis": "y", "origin": [8, 4, 8]},
			"faces": {
				"north": {"uv": [0, 10, 1, 11], "texture": "#beacon"},
				"east": {"uv": [0, 10, 1, 11], "texture": "#beacon"},
				"south": {"uv": [0, 10, 1, 11], "texture": "#beacon"},
				"west": {"uv": [0, 10, 1, 11], "texture": "#beacon"},
				"up": {"uv": [0, 10, 1, 11], "texture": "#beacon"},
				"down": {"uv": [0, 10, 1, 11], "texture": "#beacon"}
			}
		},
		{
			"name": "Inner beacon",
			"from": [3, 4, 3],
			"to": [13, 14, 13],
			"faces": {
				"north": {"uv": [3, 3, 13, 13], "texture": "#beacon"},
				"east": {"uv": [3, 3, 13, 13], "texture": "#beacon"},
				"south": {"uv": [3, 3, 13, 13], "texture": "#beacon"},
				"west": {"uv": [3, 3, 13, 13], "texture": "#beacon"},
				"up": {"uv": [3, 3, 13, 13], "texture": "#beacon"},
				"down": {"uv": [3, 3, 13, 13], "texture": "#beacon"}
			}
		},
		{
			"name": "Glass Shell",
			"from": [0, 0, 0],
			"to": [16, 16, 16],
			"faces": {
				"north": {"uv": [0, 0, 16, 16], "texture": "#glass"},
				"east": {"uv": [0, 0, 16, 16], "texture": "#glass"},
				"south": {"uv": [0, 0, 16, 16], "texture": "#glass"},
				"west": {"uv": [0, 0, 16, 16], "texture": "#glass"},
				"up": {"uv": [0, 0, 16, 16], "texture": "#glass"},
				"down": {"uv": [0, 0, 16, 16], "texture": "#glass"}
			}
		}
	],
	"description": "There is so many glass shell elements only because of shader compatibility reasons. Most shaders break the model because of transparency reasons so that's why there are so many glass shell elements"
}