{
	"credit": "Made with Blockbench",
	"parent": "block/block",
	"textures": {
		"3": "block/cactus_flower_allure",
		"bottom": "block/cactus_bottom",
		"top": "block/cactus_top",
		"particle": "block/cactus_side",
		"side": "block/cactus_side"
	},
	"elements": [
		{
			"from": [0, 0, 0],
			"to": [16, 16, 16],
			"faces": {
				"up": {"uv": [0, 0, 16, 16], "texture": "#top", "cullface": "up"},
				"down": {"uv": [0, 0, 16, 16], "texture": "#bottom", "cullface": "down"}
			}
		},
		{
			"from": [0, 0, 1],
			"to": [16, 16, 15],
			"faces": {
				"north": {"uv": [0, 0, 16, 16], "texture": "#side"},
				"south": {"uv": [0, 0, 16, 16], "texture": "#side"}
			}
		},
		{
			"from": [0, 0, 5],
			"to": [16, 16, 11],
			"faces": {
				"north": {"uv": [0, 0, 16, 16], "texture": "#side"},
				"south": {"uv": [0, 0, 16, 16], "texture": "#side"}
			}
		},
		{
			"from": [1, 0, 0],
			"to": [15, 16, 16],
			"faces": {
				"east": {"uv": [0, 0, 16, 16], "texture": "#side"},
				"west": {"uv": [0, 0, 16, 16], "texture": "#side"}
			}
		},
		{
			"from": [5, 0, 0],
			"to": [11, 16, 16],
			"faces": {
				"east": {"uv": [0, 0, 16, 16], "texture": "#side"},
				"west": {"uv": [0, 0, 16, 16], "texture": "#side"}
			}
		},
		{
			"from": [1, 16.25, 1],
			"to": [15, 16.25, 15],
			"shade": false,
			"rotation": {"angle": -22.5, "axis": "y", "origin": [8, 16.25, 8]},
			"faces": {
				"up": {"uv": [1, 1, 15, 15], "texture": "#3"},
				"down": {"uv": [1, 1, 15, 15], "texture": "#3"}
			}
		},
		{
			"from": [1, 16.25, 1],
			"to": [15, 16.25, 15],
			"shade": false,
			"rotation": {"angle": -22.5, "axis": "z", "origin": [8, 16.25, 8]},
			"faces": {
				"up": {"uv": [1, 1, 15, 15], "texture": "#3"},
				"down": {"uv": [1, 1, 15, 15], "texture": "#3"}
			}
		},
		{
			"from": [1, 16.25, 1],
			"to": [15, 16.25, 15],
			"shade": false,
			"rotation": {"angle": 22.5, "axis": "z", "origin": [8, 16.25, 8]},
			"faces": {
				"up": {"uv": [1, 1, 15, 15], "texture": "#3"},
				"down": {"uv": [1, 1, 15, 15], "texture": "#3"}
			}
		},
		{
			"from": [1, 16.25, 1],
			"to": [15, 16.25, 15],
			"shade": false,
			"rotation": {"angle": 22.5, "axis": "x", "origin": [8, 16.25, 8]},
			"faces": {
				"up": {"uv": [1, 1, 15, 15], "texture": "#3"},
				"down": {"uv": [1, 1, 15, 15], "texture": "#3"}
			}
		},
		{
			"from": [1, 16.25, 1],
			"to": [15, 16.25, 15],
			"shade": false,
			"rotation": {"angle": -22.5, "axis": "x", "origin": [8, 16.25, 8]},
			"faces": {
				"up": {"uv": [1, 1, 15, 15], "texture": "#3"},
				"down": {"uv": [1, 1, 15, 15], "texture": "#3"}
			}
		}
	]
}