{
	"format_version": "1.21.6",
	"credit": "by P4ncake",
	"parent": "block/block",
	"textures": {
		"particle": "block/chain",
		"all": "block/chain"
	},
	"elements": [
		{
			"from": [8, 14, 6],
			"to": [8, 18, 10],
			"shade": false,
			"rotation": {"angle": 0, "axis": "y", "origin": [8, 16, 8]},
			"faces": {
				"east": {"uv": [12, 0, 16, 4], "texture": "#all"},
				"west": {"uv": [12, 0, 16, 4], "texture": "#all"}
			}
		},
		{
			"from": [6, 0, 8],
			"to": [10, 4, 8],
			"shade": false,
			"rotation": {"angle": 22.5, "axis": "y", "origin": [8, 2, 8]},
			"faces": {
				"north": {"uv": [12, 0, 16, 4], "texture": "#all"},
				"south": {"uv": [12, 0, 16, 4], "texture": "#all"}
			}
		},
		{
			"from": [8, 0, 6],
			"to": [8, 16, 10],
			"shade": false,
			"rotation": {"angle": 22.5, "axis": "y", "origin": [8, 8, 8]},
			"faces": {
				"east": {"uv": [8, 0, 12, 16], "texture": "#all"},
				"west": {"uv": [8, 0, 12, 16], "texture": "#all"}
			}
		},
		{
			"from": [8, 0, 6],
			"to": [8, 16, 10],
			"shade": false,
			"rotation": {"angle": -45, "axis": "y", "origin": [8, 8, 8]},
			"faces": {
				"east": {"uv": [4, 0, 8, 16], "texture": "#all"},
				"west": {"uv": [4, 0, 8, 16], "texture": "#all"}
			}
		},
		{
			"from": [6, 0, 8],
			"to": [10, 16, 8],
			"shade": false,
			"rotation": {"angle": -22.5, "axis": "y", "origin": [8, 8, 8]},
			"faces": {
				"north": {"uv": [0, 0, 4, 16], "texture": "#all"},
				"south": {"uv": [0, 0, 4, 16], "texture": "#all"}
			}
		}
	]
}