{
	"credit": "Made with Blockbench",
	"textures": {
		"1": "block/copper_torch_fire",
		"particle": "block/copper_torch_fire",
		"layer0": "block/copper_torch"
	},
	"elements": [
		{
			"from": [3.5, 12.25, 2],
			"to": [3.5, 23.25, 14],
			"shade": false,
			"rotation": {"angle": 45, "axis": "y", "origin": [3.5, 11, 8]},
			"faces": {
				"north": {"uv": [0, 0, 0, 16], "texture": "#missing"},
				"east": {"uv": [0, 0, 16, 16], "texture": "#1"},
				"south": {"uv": [0, 0, 0, 16], "texture": "#missing"},
				"west": {"uv": [0, 0, 16, 16], "texture": "#1"},
				"up": {"uv": [0, 0, 0, 16], "texture": "#missing"},
				"down": {"uv": [0, 0, 0, 16], "texture": "#missing"}
			}
		},
		{
			"from": [-2.5, 12.25, 8],
			"to": [9.5, 23.25, 8],
			"shade": false,
			"rotation": {"angle": 45, "axis": "y", "origin": [3.5, 11, 8]},
			"faces": {
				"north": {"uv": [0, 0, 16, 16], "texture": "#1"},
				"east": {"uv": [0, 0, 0, 16], "texture": "#missing"},
				"south": {"uv": [0, 0, 16, 16], "texture": "#1"},
				"west": {"uv": [0, 0, 0, 16], "texture": "#missing"},
				"up": {"uv": [0, 0, 0, 16], "rotation": 270, "texture": "#missing"},
				"down": {"uv": [0, 0, 0, 16], "rotation": 90, "texture": "#missing"}
			}
		},
		{
			"from": [-1, 3.5, 7],
			"to": [1, 11.5, 9],
			"rotation": {"angle": -22.5, "axis": "z", "origin": [0, 3.5, 8]},
			"faces": {
				"north": {"uv": [7, 8, 9, 16], "texture": "#layer0"},
				"east": {"uv": [7, 8, 9, 16], "texture": "#layer0"},
				"south": {"uv": [7, 8, 9, 16], "texture": "#layer0"},
				"west": {"uv": [7, 8, 9, 16], "texture": "#layer0"},
				"up": {"uv": [7, 8, 9, 10], "texture": "#layer0"},
				"down": {"uv": [7, 14, 9, 16], "texture": "#layer0"}
			}
		},
		{
			"from": [-1, 11.5, 7],
			"to": [1, 13.5, 9],
			"shade": false,
			"rotation": {"angle": -22.5, "axis": "z", "origin": [0, 3.5, 8]},
			"faces": {
				"north": {"uv": [7, 6, 9, 8], "texture": "#layer0"},
				"east": {"uv": [7, 6, 9, 8], "texture": "#layer0"},
				"south": {"uv": [7, 6, 9, 8], "texture": "#layer0"},
				"west": {"uv": [7, 6, 9, 8], "texture": "#layer0"},
				"up": {"uv": [7, 6, 9, 8], "texture": "#layer0"},
				"down": {"uv": [7, 6, 9, 8], "texture": "#layer0"}
			}
		}
	],
	"gui_light": "front",
	"overrides": [
		{"predicate": {"custom_model_data": 12}, "model": "item/magnesium_torch"}
	],
	"display": {
		"thirdperson_righthand": {
			"rotation": [27.5, 0, 0],
			"translation": [0, 4.25, 4],
			"scale": [0.78, 0.78, 0.78]
		},
		"thirdperson_lefthand": {
			"rotation": [25, 0, 0],
			"translation": [0, 5, 3.5],
			"scale": [0.78, 0.78, 0.78]
		},
		"firstperson_righthand": {
			"rotation": [-25, -2, 0],
			"translation": [2.5, 3.25, 0]
		},
		"firstperson_lefthand": {
			"rotation": [-25, 2, 0],
			"translation": [2.5, 3.25, 0]
		},
		"ground": {
			"translation": [0, 4.25, 0]
		},
		"head": {
			"translation": [0, 19.25, 0],
			"scale": [1.61, 1.61, 1.61]
		}
	}
}