{
	"format_version": "1.21.11",
	"credit": "Made by P4ncake",
	"ambientocclusion": false,
	"textures": {
		"1": "#cross_emissive",
		"particle": "#cross"
	},
	"elements": [
		{
			"from": [1.8, 0, 10],
			"to": [16.2, 16, 10],
			"shade": false,
			"rotation": {"angle": 45, "axis": "y", "origin": [9, 8, 10], "rescale": true},
			"faces": {
				"north": {"uv": [0, 0, 16, 16], "texture": "#cross"},
				"south": {"uv": [0, 0, 16, 16], "texture": "#cross"}
			}
		},
		{
			"from": [9, 0, 2.8],
			"to": [9, 16, 17.2],
			"shade": false,
			"rotation": {"angle": 45, "axis": "y", "origin": [9, 8, 10], "rescale": true},
			"faces": {
				"east": {"uv": [0, 0, 16, 16], "texture": "#cross"},
				"west": {"uv": [0, 0, 16, 16], "texture": "#cross"}
			}
		},
		{
			"from": [1.8, 0, 10],
			"to": [16.2, 16, 10],
			"shade": false,
			"rotation": {"angle": 22.5, "axis": "y", "origin": [9, 8, 10], "rescale": true},
			"faces": {
				"north": {"uv": [0, 0, 16, 16], "texture": "#cross"},
				"south": {"uv": [0, 0, 16, 16], "texture": "#cross"}
			}
		},
		{
			"from": [9, 0, 2.8],
			"to": [9, 16, 17.2],
			"shade": false,
			"rotation": {"angle": 22.5, "axis": "y", "origin": [9, 8, 10], "rescale": true},
			"faces": {
				"east": {"uv": [0, 0, 16, 16], "texture": "#cross"},
				"west": {"uv": [0, 0, 16, 16], "texture": "#cross"}
			}
		},
		{
			"name": "emissive",
			"from": [9, 0, 2.8],
			"to": [9, 16, 17.2],
			"shade": false,
			"light_emission": 15,
			"rotation": {"angle": 22.5, "axis": "y", "origin": [9, 8, 10], "rescale": true},
			"faces": {
				"east": {"uv": [0, 0, 16, 16], "texture": "#1"},
				"west": {"uv": [0, 0, 16, 16], "texture": "#1"}
			}
		},
		{
			"name": "emissive",
			"from": [1.8, 0, 10],
			"to": [16.2, 16, 10],
			"shade": false,
			"light_emission": 15,
			"rotation": {"angle": 45, "axis": "y", "origin": [9, 8, 10], "rescale": true},
			"faces": {
				"north": {"uv": [0, 0, 16, 16], "texture": "#1"},
				"south": {"uv": [0, 0, 16, 16], "texture": "#1"}
			}
		},
		{
			"name": "emissive",
			"from": [9, 0, 2.8],
			"to": [9, 16, 17.2],
			"shade": false,
			"light_emission": 15,
			"rotation": {"angle": 45, "axis": "y", "origin": [9, 8, 10], "rescale": true},
			"faces": {
				"east": {"uv": [0, 0, 16, 16], "texture": "#1"},
				"west": {"uv": [0, 0, 16, 16], "texture": "#1"}
			}
		},
		{
			"name": "emissive",
			"from": [1.8, 0, 10],
			"to": [16.2, 16, 10],
			"shade": false,
			"light_emission": 15,
			"rotation": {"angle": 22.5, "axis": "y", "origin": [9, 8, 10], "rescale": true},
			"faces": {
				"north": {"uv": [0, 0, 16, 16], "texture": "#1"},
				"south": {"uv": [0, 0, 16, 16], "texture": "#1"}
			}
		}
	]
}