{
	"credit": "By P4ncake",
	"textures": {
		"4": "block/end_portal_frame_eye_outline",
		"bottom": "block/end_stone",
		"top": "block/end_portal_frame_top_glow",
		"particle": "block/end_portal_frame_side",
		"side": "block/end_portal_frame_side_glow",
		"eye": "block/end_portal_frame_eye"
	},
	"elements": [
		{
			"from": [0, 0, 0],
			"to": [16, 13, 16],
			"faces": {
				"north": {"uv": [0, 3, 16, 16], "texture": "#side", "cullface": "north"},
				"east": {"uv": [0, 3, 16, 16], "texture": "#side", "cullface": "east"},
				"south": {"uv": [0, 3, 16, 16], "texture": "#side", "cullface": "south"},
				"west": {"uv": [0, 3, 16, 16], "texture": "#side", "cullface": "west"},
				"up": {"uv": [0, 0, 16, 16], "texture": "#top"},
				"down": {"uv": [0, 0, 16, 16], "texture": "#bottom", "cullface": "down"}
			}
		},
		{
			"from": [4, 13, 4],
			"to": [12, 16, 12],
			"faces": {
				"north": {"uv": [4, 0, 12, 3], "texture": "#eye"},
				"east": {"uv": [4, 0, 12, 3], "texture": "#eye"},
				"south": {"uv": [4, 0, 12, 3], "texture": "#eye"},
				"west": {"uv": [4, 0, 12, 3], "texture": "#eye"},
				"up": {"uv": [4, 4, 12, 12], "texture": "#eye", "cullface": "up"}
			}
		},
		{
			"name": "outline",
			"from": [12.5, 16.5, 12.5],
			"to": [3.5, 13.1, 3.5],
			"shade": false,
			"light_emission": 15,
			"rotation": {"angle": 0, "axis": "y", "origin": [0, 21, 0]},
			"faces": {
				"north": {"uv": [3, 0, 12, 4], "texture": "#4"},
				"east": {"uv": [3, 0, 12, 4], "texture": "#4"},
				"south": {"uv": [3, 0, 12, 4], "texture": "#4"},
				"west": {"uv": [3, 0, 12, 4], "texture": "#4"},
				"up": {"uv": [3, 4, 12, 13], "texture": "#4"},
				"down": {"uv": [3, 4, 12, 13], "texture": "#4"}
			}
		}
	]
}