{
  "ambientocclusion": false,
  "textures": {
      "cross": "block/fern",
      "particle": "block/fern"
  },
  "elements": [
      {   "from": [ 0.8, 2, 8 ],
          "to": [ 15.2, 18, 8 ],
          "rotation": { "origin": [ 8, 8, 8 ], "axis": "y", "angle": 45, "rescale": true },
          "shade": false,
          "faces": {
              "north": { "uv": [ 0, 0, 16, 16 ], "texture": "#cross", "tintindex": 0 },
              "south": { "uv": [ 0, 0, 16, 16 ], "texture": "#cross", "tintindex": 0 }
          }
      },
      {   "from": [ 8, 2, 0.8 ],
          "to": [ 8, 18, 15.2 ],
          "rotation": { "origin": [ 8, 8, 8 ], "axis": "y", "angle": 45, "rescale": true },
          "shade": false,
          "faces": {
              "west": { "uv": [ 0, 0, 16, 16 ], "texture": "#cross", "tintindex": 0 },
              "east": { "uv": [ 0, 0, 16, 16 ], "texture": "#cross", "tintindex": 0 }
          }
      }
  ]
}
