{
	"format_version": "1.21.6",
	"credit": "Made with Blockbench",
	"textures": {
		"2": "block/small_item_frame_allure",
		"particle": "block/small_item_frame_allure"
	},
	"elements": [
		{
			"from": [3, 3, 15.55],
			"to": [13, 13, 16],
			"faces": {
				"north": {"uv": [3, 3, 13, 13], "texture": "#2"},
				"south": {"uv": [3, 3, 13, 13], "texture": "#2"}
			}
		},
		{
			"from": [2, 2, 14.95],
			"to": [14, 3, 16],
			"faces": {
				"north": {"uv": [2, 13, 14, 14], "texture": "#2"},
				"east": {"uv": [2, 13, 3, 14], "texture": "#2"},
				"south": {"uv": [2, 13, 14, 14], "texture": "#2"},
				"west": {"uv": [13, 13, 14, 14], "texture": "#2"},
				"up": {"uv": [2, 13, 14, 14], "texture": "#2"},
				"down": {"uv": [2, 13, 14, 14], "texture": "#2"}
			}
		},
		{
			"from": [2, 13, 14.95],
			"to": [14, 14, 16],
			"faces": {
				"north": {"uv": [2, 2, 14, 3], "texture": "#2"},
				"east": {"uv": [2, 2, 3, 3], "texture": "#2"},
				"south": {"uv": [2, 2, 14, 3], "texture": "#2"},
				"west": {"uv": [13, 2, 14, 3], "texture": "#2"},
				"up": {"uv": [2, 2, 14, 3], "rotation": 180, "texture": "#2"},
				"down": {"uv": [2, 2, 14, 3], "rotation": 180, "texture": "#2"}
			}
		},
		{
			"from": [7, 14, 15.5],
			"to": [9, 15, 16],
			"faces": {
				"north": {"uv": [7, 1, 9, 2], "texture": "#2"},
				"east": {"uv": [7, 1, 8, 2], "texture": "#2"},
				"south": {"uv": [7, 1, 9, 2], "rotation": 180, "texture": "#2"},
				"west": {"uv": [8, 1, 9, 2], "texture": "#2"},
				"up": {"uv": [7, 1, 9, 2], "rotation": 180, "texture": "#2"},
				"down": {"uv": [7, 1, 9, 2], "texture": "#2"}
			}
		},
		{
			"from": [2, 3, 14.95],
			"to": [3, 13, 16],
			"faces": {
				"north": {"uv": [13, 3, 14, 13], "texture": "#2"},
				"east": {"uv": [13, 3, 14, 13], "texture": "#2"},
				"south": {"uv": [2, 3, 3, 13], "texture": "#2"},
				"west": {"uv": [13, 3, 14, 13], "texture": "#2"},
				"up": {"uv": [0, 0, 0, 0], "texture": "#2"},
				"down": {"uv": [0, 0, 0, 0], "texture": "#2"}
			}
		},
		{
			"from": [13, 3, 14.95],
			"to": [14, 13, 16],
			"faces": {
				"north": {"uv": [2, 3, 3, 13], "texture": "#2"},
				"east": {"uv": [2, 3, 3, 13], "texture": "#2"},
				"south": {"uv": [13, 3, 14, 13], "texture": "#2"},
				"west": {"uv": [2, 3, 3, 13], "texture": "#2"},
				"up": {"uv": [0, 0, 0, 0], "texture": "#2"},
				"down": {"uv": [0, 0, 0, 0], "texture": "#2"}
			}
		}
	]
}