{
	"format_version": "1.9.0",
	"credit": "by P4ncake",
	"textures": {
		"0": "#bush",
		"1": "#all",
		"particle": "#all"
	},
	"elements": [
		{
			"name": "base",
			"from": [0, 0, 0],
			"to": [16, 16, 16],
			"faces": {
				"north": {"uv": [0, 0, 16, 16], "texture": "#1", "cullface": "north", "tintindex": 0},
				"east": {"uv": [0, 0, 16, 16], "texture": "#1", "cullface": "east", "tintindex": 0},
				"south": {"uv": [0, 0, 16, 16], "texture": "#1", "cullface": "south", "tintindex": 0},
				"west": {"uv": [0, 0, 16, 16], "texture": "#1", "cullface": "west", "tintindex": 0},
				"up": {"uv": [0, 0, 16, 16], "texture": "#1", "cullface": "up", "tintindex": 0},
				"down": {"uv": [0, 0, 16, 16], "texture": "#1", "cullface": "down", "tintindex": 0}
			}
		},
		{
			"name": "leaves",
			"from": [16, 0, 8],
			"to": [16, 16, 24],
			"rotation": {"angle": 22.5, "axis": "y", "origin": [16, 8, 8]},
			"faces": {
				"east": {"uv": [0, 0, 16, 16], "rotation": 270, "texture": "#0", "cullface": "east", "tintindex": 0}
			}
		},
		{
			"name": "leaves",
			"from": [16, 0, -10],
			"to": [16, 16, 6],
			"rotation": {"angle": -22.5, "axis": "y", "origin": [16, 8, 6]},
			"faces": {
				"east": {"uv": [0, 0, 16, 16], "rotation": 90, "texture": "#0", "cullface": "east", "tintindex": 0}
			}
		},
		{
			"name": "leaves",
			"from": [0, 0, -10],
			"to": [0, 16, 6],
			"rotation": {"angle": 22.5, "axis": "y", "origin": [0, 8, 6]},
			"faces": {
				"west": {"uv": [0, 0, 16, 16], "rotation": 270, "texture": "#0", "cullface": "west", "tintindex": 0}
			}
		},
		{
			"name": "leaves",
			"from": [0, 0, 8],
			"to": [0, 16, 24],
			"rotation": {"angle": -22.5, "axis": "y", "origin": [0, 8, 8]},
			"faces": {
				"west": {"uv": [0, 0, 16, 16], "rotation": 90, "texture": "#0", "cullface": "west", "tintindex": 0}
			}
		},
		{
			"name": "leaves",
			"from": [-1, -8, 16],
			"to": [15, 8, 16],
			"rotation": {"angle": -22.5, "axis": "x", "origin": [7, 8, 16]},
			"faces": {
				"south": {"uv": [0, 0, 16, 16], "rotation": 180, "texture": "#0", "cullface": "south", "tintindex": 0}
			}
		},
		{
			"name": "leaves",
			"from": [-1, 10, 16],
			"to": [15, 26, 16],
			"rotation": {"angle": 22.5, "axis": "x", "origin": [7, 10, 16]},
			"faces": {
				"south": {"uv": [0, 0, 16, 16], "texture": "#0", "cullface": "south", "tintindex": 0}
			}
		},
		{
			"name": "leaves",
			"from": [-1, -10, 0],
			"to": [15, 6, 0],
			"rotation": {"angle": 22.5, "axis": "x", "origin": [7, 6, 0]},
			"faces": {
				"north": {"uv": [16, 0, 0, 16], "rotation": 180, "texture": "#0", "cullface": "north", "tintindex": 0}
			}
		},
		{
			"name": "leaves",
			"from": [-1, 8, 0],
			"to": [15, 24, 0],
			"rotation": {"angle": -22.5, "axis": "x", "origin": [7, 8, 0]},
			"faces": {
				"north": {"uv": [16, 0, 0, 16], "texture": "#0", "cullface": "north", "tintindex": 0}
			}
		},
		{
			"name": "leaves",
			"from": [-8, 16, 0],
			"to": [8, 16, 16],
			"rotation": {"angle": -22.5, "axis": "z", "origin": [8, 16, 8]},
			"faces": {
				"up": {"uv": [0, 0, 16, 16], "rotation": 270, "texture": "#0", "cullface": "up", "tintindex": 0}
			}
		},
		{
			"name": "leaves",
			"from": [10, 16, 0],
			"to": [26, 16, 16],
			"rotation": {"angle": 22.5, "axis": "z", "origin": [10, 16, 8]},
			"faces": {
				"up": {"uv": [0, 0, 16, 16], "rotation": 90, "texture": "#0", "cullface": "up", "tintindex": 0}
			}
		},
		{
			"name": "leaves",
			"from": [-8, 0, 0],
			"to": [8, 0, 16],
			"rotation": {"angle": 22.5, "axis": "z", "origin": [8, 0, 8]},
			"faces": {
				"down": {"uv": [0, 0, 16, 16], "rotation": 270, "texture": "#0", "cullface": "down", "tintindex": 0}
			}
		},
		{
			"name": "leaves",
			"from": [10, 0, 0],
			"to": [26, 0, 16],
			"rotation": {"angle": -22.5, "axis": "z", "origin": [10, 0, 8]},
			"faces": {
				"down": {"uv": [0, 0, 16, 16], "rotation": 90, "texture": "#0", "cullface": "down", "tintindex": 0}
			}
		}
	],
	"display": {}
}