{
	"credit": "Made with Blockbench",
	"ambientocclusion": false,
	"textures": {
		"base": "block/lever",
		"particle": "block/lever"
	},
	"elements": [
		{
			"from": [5, 0, 4],
			"to": [11, 3, 12],
			"faces": {
				"north": {"uv": [5, 13, 11, 16], "texture": "#base"},
				"east": {"uv": [4, 0, 12, 3], "texture": "#base"},
				"south": {"uv": [5, 13, 11, 16], "texture": "#base"},
				"west": {"uv": [4, 0, 12, 3], "texture": "#base"},
				"up": {"uv": [5, 4, 11, 12], "texture": "#base"},
				"down": {"uv": [5, 4, 11, 12], "texture": "#base", "cullface": "down"}
			}
		},
		{
			"from": [7, 0, 6],
			"to": [9, 9, 8],
			"rotation": {"angle": 45, "axis": "x", "origin": [8, 1, 8]},
			"faces": {
				"north": {"uv": [0, 0, 2, 9], "texture": "#base"},
				"east": {"uv": [0, 0, 2, 9], "texture": "#base"},
				"south": {"uv": [0, 0, 2, 9], "texture": "#base"},
				"west": {"uv": [0, 0, 2, 9], "texture": "#base"},
				"up": {"uv": [0, 0, 2, 2], "texture": "#base"}
			}
		}
	]
}