{
	"format_version": "1.9.0",
	"credit": "by P4ncake",
	"textures": {
		"0": "#warts",
		"1": "#all",
		"particle": "#all"
	},
	"elements": [
		{
			"name": "block",
			"from": [0, 0, 0],
			"to": [16, 16, 16],
			"faces": {
				"north": {"uv": [0, 0, 16, 16], "texture": "#1", "cullface": "north"},
				"east": {"uv": [0, 0, 16, 16], "texture": "#1", "cullface": "east"},
				"south": {"uv": [0, 0, 16, 16], "texture": "#1", "cullface": "south"},
				"west": {"uv": [0, 0, 16, 16], "texture": "#1", "cullface": "west"},
				"up": {"uv": [0, 0, 16, 16], "texture": "#1", "cullface": "up"},
				"down": {"uv": [0, 0, 16, 16], "texture": "#1", "cullface": "down"}
			}
		},
		{
			"from": [5, 16, 2],
			"to": [8, 16, 14],
			"rotation": {"angle": -22.5, "axis": "z", "origin": [8, 16, 8]},
			"faces": {
				"up": {"uv": [2, 13, 14, 16], "rotation": 270, "texture": "#0", "cullface": "up"}
			}
		},
		{
			"from": [4, 16, 6],
			"to": [5, 16, 10],
			"rotation": {"angle": -22.5, "axis": "z", "origin": [8, 16, 8]},
			"faces": {
				"up": {"uv": [6, 12, 10, 13], "rotation": 270, "texture": "#0", "cullface": "up"}
			}
		},
		{
			"from": [3, 16, 7],
			"to": [4, 16, 9],
			"rotation": {"angle": -22.5, "axis": "z", "origin": [8, 16, 8]},
			"faces": {
				"up": {"uv": [7, 11, 9, 12], "rotation": 270, "texture": "#0", "cullface": "up"}
			}
		},
		{
			"from": [4, 16, 11],
			"to": [5, 16, 13],
			"rotation": {"angle": -22.5, "axis": "z", "origin": [8, 16, 8]},
			"faces": {
				"up": {"uv": [3, 12, 5, 13], "rotation": 270, "texture": "#0", "cullface": "up"}
			}
		},
		{
			"from": [4, 16, 3],
			"to": [5, 16, 5],
			"rotation": {"angle": -22.5, "axis": "z", "origin": [8, 16, 8]},
			"faces": {
				"up": {"uv": [11, 12, 13, 13], "rotation": 270, "texture": "#0", "cullface": "up"}
			}
		},
		{
			"from": [10, 16, 2],
			"to": [13, 16, 14],
			"rotation": {"angle": 22.5, "axis": "z", "origin": [10, 16, 8]},
			"faces": {
				"up": {"uv": [2, 13, 14, 16], "rotation": 90, "texture": "#0", "cullface": "up"}
			}
		},
		{
			"from": [13, 16, 6],
			"to": [14, 16, 10],
			"rotation": {"angle": 22.5, "axis": "z", "origin": [10, 16, 8]},
			"faces": {
				"up": {"uv": [6, 12, 10, 13], "rotation": 90, "texture": "#0", "cullface": "up"}
			}
		},
		{
			"from": [14, 16, 7],
			"to": [15, 16, 9],
			"rotation": {"angle": 22.5, "axis": "z", "origin": [10, 16, 8]},
			"faces": {
				"up": {"uv": [7, 11, 9, 12], "rotation": 90, "texture": "#0", "cullface": "up"}
			}
		},
		{
			"from": [13, 16, 3],
			"to": [14, 16, 5],
			"rotation": {"angle": 22.5, "axis": "z", "origin": [10, 16, 8]},
			"faces": {
				"up": {"uv": [3, 12, 5, 13], "rotation": 90, "texture": "#0", "cullface": "up"}
			}
		},
		{
			"from": [13, 16, 11],
			"to": [14, 16, 13],
			"rotation": {"angle": 22.5, "axis": "z", "origin": [10, 16, 8]},
			"faces": {
				"up": {"uv": [11, 12, 13, 13], "rotation": 90, "texture": "#0", "cullface": "up"}
			}
		},
		{
			"from": [5, 0, 2],
			"to": [8, 0, 14],
			"rotation": {"angle": 22.5, "axis": "z", "origin": [8, 0, 8]},
			"faces": {
				"down": {"uv": [14, 13, 2, 16], "rotation": 270, "texture": "#0", "cullface": "down"}
			}
		},
		{
			"from": [4, 0, 6],
			"to": [5, 0, 10],
			"rotation": {"angle": 22.5, "axis": "z", "origin": [8, 0, 8]},
			"faces": {
				"down": {"uv": [10, 12, 6, 13], "rotation": 270, "texture": "#0", "cullface": "down"}
			}
		},
		{
			"from": [3, 0, 7],
			"to": [4, 0, 9],
			"rotation": {"angle": 22.5, "axis": "z", "origin": [8, 0, 8]},
			"faces": {
				"down": {"uv": [9, 11, 7, 12], "rotation": 270, "texture": "#0", "cullface": "down"}
			}
		},
		{
			"from": [4, 0, 11],
			"to": [5, 0, 13],
			"rotation": {"angle": 22.5, "axis": "z", "origin": [8, 0, 8]},
			"faces": {
				"down": {"uv": [5, 12, 3, 13], "rotation": 270, "texture": "#0", "cullface": "down"}
			}
		},
		{
			"from": [4, 0, 3],
			"to": [5, 0, 5],
			"rotation": {"angle": 22.5, "axis": "z", "origin": [8, 0, 8]},
			"faces": {
				"down": {"uv": [13, 12, 11, 13], "rotation": 270, "texture": "#0", "cullface": "down"}
			}
		},
		{
			"from": [10, 0, 2],
			"to": [13, 0, 14],
			"rotation": {"angle": -22.5, "axis": "z", "origin": [10, 0, 8]},
			"faces": {
				"down": {"uv": [14, 13, 2, 16], "rotation": 90, "texture": "#0", "cullface": "down"}
			}
		},
		{
			"from": [13, 0, 6],
			"to": [14, 0, 10],
			"rotation": {"angle": -22.5, "axis": "z", "origin": [10, 0, 8]},
			"faces": {
				"down": {"uv": [10, 12, 6, 13], "rotation": 90, "texture": "#0", "cullface": "down"}
			}
		},
		{
			"from": [14, 0, 7],
			"to": [15, 0, 9],
			"rotation": {"angle": -22.5, "axis": "z", "origin": [10, 0, 8]},
			"faces": {
				"down": {"uv": [9, 11, 7, 12], "rotation": 90, "texture": "#0", "cullface": "down"}
			}
		},
		{
			"from": [13, 0, 3],
			"to": [14, 0, 5],
			"rotation": {"angle": -22.5, "axis": "z", "origin": [10, 0, 8]},
			"faces": {
				"down": {"uv": [5, 12, 3, 13], "rotation": 90, "texture": "#0", "cullface": "down"}
			}
		},
		{
			"from": [13, 0, 11],
			"to": [14, 0, 13],
			"rotation": {"angle": -22.5, "axis": "z", "origin": [10, 0, 8]},
			"faces": {
				"down": {"uv": [13, 12, 11, 13], "rotation": 90, "texture": "#0", "cullface": "down"}
			}
		},
		{
			"from": [1, 8, 0],
			"to": [13, 11, 0],
			"rotation": {"angle": -22.5, "axis": "x", "origin": [7, 8, 0]},
			"faces": {
				"north": {"uv": [2, 13, 14, 16], "texture": "#0", "cullface": "north"}
			}
		},
		{
			"from": [5, 11, 0],
			"to": [9, 12, 0],
			"rotation": {"angle": -22.5, "axis": "x", "origin": [7, 8, 0]},
			"faces": {
				"north": {"uv": [6, 12, 10, 13], "texture": "#0", "cullface": "north"}
			}
		},
		{
			"from": [6, 12, 0],
			"to": [8, 13, 0],
			"rotation": {"angle": -22.5, "axis": "x", "origin": [7, 8, 0]},
			"faces": {
				"north": {"uv": [7, 11, 9, 12], "texture": "#0", "cullface": "north"}
			}
		},
		{
			"from": [10, 11, 0],
			"to": [12, 12, 0],
			"rotation": {"angle": -22.5, "axis": "x", "origin": [7, 8, 0]},
			"faces": {
				"north": {"uv": [3, 12, 5, 13], "texture": "#0", "cullface": "north"}
			}
		},
		{
			"from": [2, 11, 0],
			"to": [4, 12, 0],
			"rotation": {"angle": -22.5, "axis": "x", "origin": [7, 8, 0]},
			"faces": {
				"north": {"uv": [11, 12, 13, 13], "texture": "#0", "cullface": "north"}
			}
		},
		{
			"from": [1, 3, 0],
			"to": [13, 6, 0],
			"rotation": {"angle": 22.5, "axis": "x", "origin": [7, 6, 0]},
			"faces": {
				"north": {"uv": [2, 13, 14, 16], "rotation": 180, "texture": "#0", "cullface": "north"}
			}
		},
		{
			"from": [5, 2, 0],
			"to": [9, 3, 0],
			"rotation": {"angle": 22.5, "axis": "x", "origin": [7, 6, 0]},
			"faces": {
				"north": {"uv": [6, 12, 10, 13], "rotation": 180, "texture": "#0", "cullface": "north"}
			}
		},
		{
			"from": [6, 1, 0],
			"to": [8, 2, 0],
			"rotation": {"angle": 22.5, "axis": "x", "origin": [7, 6, 0]},
			"faces": {
				"north": {"uv": [7, 11, 9, 12], "rotation": 180, "texture": "#0", "cullface": "north"}
			}
		},
		{
			"from": [2, 2, 0],
			"to": [4, 3, 0],
			"rotation": {"angle": 22.5, "axis": "x", "origin": [7, 6, 0]},
			"faces": {
				"north": {"uv": [3, 12, 5, 13], "rotation": 180, "texture": "#0", "cullface": "north"}
			}
		},
		{
			"from": [10, 2, 0],
			"to": [12, 3, 0],
			"rotation": {"angle": 22.5, "axis": "x", "origin": [7, 6, 0]},
			"faces": {
				"north": {"uv": [11, 12, 13, 13], "rotation": 180, "texture": "#0", "cullface": "north"}
			}
		},
		{
			"from": [1, 10, 16],
			"to": [13, 13, 16],
			"rotation": {"angle": 22.5, "axis": "x", "origin": [7, 10, 16]},
			"faces": {
				"south": {"uv": [14, 13, 2, 16], "texture": "#0", "cullface": "south"}
			}
		},
		{
			"from": [5, 13, 16],
			"to": [9, 14, 16],
			"rotation": {"angle": 22.5, "axis": "x", "origin": [7, 10, 16]},
			"faces": {
				"south": {"uv": [10, 12, 6, 13], "texture": "#0", "cullface": "south"}
			}
		},
		{
			"from": [6, 14, 16],
			"to": [8, 15, 16],
			"rotation": {"angle": 22.5, "axis": "x", "origin": [7, 10, 16]},
			"faces": {
				"south": {"uv": [9, 11, 7, 12], "texture": "#0", "cullface": "south"}
			}
		},
		{
			"from": [10, 13, 16],
			"to": [12, 14, 16],
			"rotation": {"angle": 22.5, "axis": "x", "origin": [7, 10, 16]},
			"faces": {
				"south": {"uv": [5, 12, 3, 13], "texture": "#0", "cullface": "south"}
			}
		},
		{
			"from": [2, 13, 16],
			"to": [4, 14, 16],
			"rotation": {"angle": 22.5, "axis": "x", "origin": [7, 10, 16]},
			"faces": {
				"south": {"uv": [13, 12, 11, 13], "texture": "#0", "cullface": "south"}
			}
		},
		{
			"from": [1, 5, 16],
			"to": [13, 8, 16],
			"rotation": {"angle": -22.5, "axis": "x", "origin": [7, 8, 16]},
			"faces": {
				"south": {"uv": [14, 13, 2, 16], "rotation": 180, "texture": "#0", "cullface": "south"}
			}
		},
		{
			"from": [5, 4, 16],
			"to": [9, 5, 16],
			"rotation": {"angle": -22.5, "axis": "x", "origin": [7, 8, 16]},
			"faces": {
				"south": {"uv": [10, 12, 6, 13], "rotation": 180, "texture": "#0", "cullface": "south"}
			}
		},
		{
			"from": [6, 3, 16],
			"to": [8, 4, 16],
			"rotation": {"angle": -22.5, "axis": "x", "origin": [7, 8, 16]},
			"faces": {
				"south": {"uv": [9, 11, 7, 12], "rotation": 180, "texture": "#0", "cullface": "south"}
			}
		},
		{
			"from": [2, 4, 16],
			"to": [4, 5, 16],
			"rotation": {"angle": -22.5, "axis": "x", "origin": [7, 8, 16]},
			"faces": {
				"south": {"uv": [5, 12, 3, 13], "rotation": 180, "texture": "#0", "cullface": "south"}
			}
		},
		{
			"from": [10, 4, 16],
			"to": [12, 5, 16],
			"rotation": {"angle": -22.5, "axis": "x", "origin": [7, 8, 16]},
			"faces": {
				"south": {"uv": [13, 12, 11, 13], "rotation": 180, "texture": "#0", "cullface": "south"}
			}
		},
		{
			"from": [16, 2, 3],
			"to": [16, 14, 6],
			"rotation": {"angle": -22.5, "axis": "y", "origin": [16, 8, 6]},
			"faces": {
				"east": {"uv": [2, 13, 14, 16], "rotation": 90, "texture": "#0", "cullface": "east"}
			}
		},
		{
			"from": [16, 6, 2],
			"to": [16, 10, 3],
			"rotation": {"angle": -22.5, "axis": "y", "origin": [16, 8, 6]},
			"faces": {
				"east": {"uv": [6, 12, 10, 13], "rotation": 90, "texture": "#0", "cullface": "east"}
			}
		},
		{
			"from": [16, 7, 1],
			"to": [16, 9, 2],
			"rotation": {"angle": -22.5, "axis": "y", "origin": [16, 8, 6]},
			"faces": {
				"east": {"uv": [7, 11, 9, 12], "rotation": 90, "texture": "#0", "cullface": "east"}
			}
		},
		{
			"from": [16, 11, 2],
			"to": [16, 13, 3],
			"rotation": {"angle": -22.5, "axis": "y", "origin": [16, 8, 6]},
			"faces": {
				"east": {"uv": [3, 12, 5, 13], "rotation": 90, "texture": "#0", "cullface": "east"}
			}
		},
		{
			"from": [16, 3, 2],
			"to": [16, 5, 3],
			"rotation": {"angle": -22.5, "axis": "y", "origin": [16, 8, 6]},
			"faces": {
				"east": {"uv": [11, 12, 13, 13], "rotation": 90, "texture": "#0", "cullface": "east"}
			}
		},
		{
			"from": [16, 2, 8],
			"to": [16, 14, 11],
			"rotation": {"angle": 22.5, "axis": "y", "origin": [16, 8, 8]},
			"faces": {
				"east": {"uv": [2, 13, 14, 16], "rotation": 270, "texture": "#0", "cullface": "east"}
			}
		},
		{
			"from": [16, 6, 11],
			"to": [16, 10, 12],
			"rotation": {"angle": 22.5, "axis": "y", "origin": [16, 8, 8]},
			"faces": {
				"east": {"uv": [6, 12, 10, 13], "rotation": 270, "texture": "#0", "cullface": "east"}
			}
		},
		{
			"from": [16, 7, 12],
			"to": [16, 9, 13],
			"rotation": {"angle": 22.5, "axis": "y", "origin": [16, 8, 8]},
			"faces": {
				"east": {"uv": [7, 11, 9, 12], "rotation": 270, "texture": "#0", "cullface": "east"}
			}
		},
		{
			"from": [16, 3, 11],
			"to": [16, 5, 12],
			"rotation": {"angle": 22.5, "axis": "y", "origin": [16, 8, 8]},
			"faces": {
				"east": {"uv": [3, 12, 5, 13], "rotation": 270, "texture": "#0", "cullface": "east"}
			}
		},
		{
			"from": [16, 11, 11],
			"to": [16, 13, 12],
			"rotation": {"angle": 22.5, "axis": "y", "origin": [16, 8, 8]},
			"faces": {
				"east": {"uv": [11, 12, 13, 13], "rotation": 270, "texture": "#0", "cullface": "east"}
			}
		},
		{
			"from": [0, 2, 3],
			"to": [0, 14, 6],
			"rotation": {"angle": 22.5, "axis": "y", "origin": [0, 8, 6]},
			"faces": {
				"west": {"uv": [2, 16, 14, 13], "rotation": 90, "texture": "#0", "cullface": "west"}
			}
		},
		{
			"from": [0, 6, 2],
			"to": [0, 10, 3],
			"rotation": {"angle": 22.5, "axis": "y", "origin": [0, 8, 6]},
			"faces": {
				"west": {"uv": [6, 13, 10, 12], "rotation": 90, "texture": "#0", "cullface": "west"}
			}
		},
		{
			"from": [0, 7, 1],
			"to": [0, 9, 2],
			"rotation": {"angle": 22.5, "axis": "y", "origin": [0, 8, 6]},
			"faces": {
				"west": {"uv": [7, 12, 9, 11], "rotation": 90, "texture": "#0", "cullface": "west"}
			}
		},
		{
			"from": [0, 11, 2],
			"to": [0, 13, 3],
			"rotation": {"angle": 22.5, "axis": "y", "origin": [0, 8, 6]},
			"faces": {
				"west": {"uv": [3, 13, 5, 12], "rotation": 90, "texture": "#0", "cullface": "west"}
			}
		},
		{
			"from": [0, 3, 2],
			"to": [0, 5, 3],
			"rotation": {"angle": 22.5, "axis": "y", "origin": [0, 8, 6]},
			"faces": {
				"west": {"uv": [11, 13, 13, 12], "rotation": 90, "texture": "#0", "cullface": "west"}
			}
		},
		{
			"from": [0, 2, 8],
			"to": [0, 14, 11],
			"rotation": {"angle": -22.5, "axis": "y", "origin": [0, 8, 8]},
			"faces": {
				"west": {"uv": [2, 16, 14, 13], "rotation": 270, "texture": "#0", "cullface": "west"}
			}
		},
		{
			"from": [0, 6, 11],
			"to": [0, 10, 12],
			"rotation": {"angle": -22.5, "axis": "y", "origin": [0, 8, 8]},
			"faces": {
				"west": {"uv": [6, 13, 10, 12], "rotation": 270, "texture": "#0", "cullface": "west"}
			}
		},
		{
			"from": [0, 7, 12],
			"to": [0, 9, 13],
			"rotation": {"angle": -22.5, "axis": "y", "origin": [0, 8, 8]},
			"faces": {
				"west": {"uv": [7, 12, 9, 11], "rotation": 270, "texture": "#0", "cullface": "west"}
			}
		},
		{
			"from": [0, 3, 11],
			"to": [0, 5, 12],
			"rotation": {"angle": -22.5, "axis": "y", "origin": [0, 8, 8]},
			"faces": {
				"west": {"uv": [3, 13, 5, 12], "rotation": 270, "texture": "#0", "cullface": "west"}
			}
		},
		{
			"from": [0, 11, 11],
			"to": [0, 13, 12],
			"rotation": {"angle": -22.5, "axis": "y", "origin": [0, 8, 8]},
			"faces": {
				"west": {"uv": [11, 13, 13, 12], "rotation": 270, "texture": "#0", "cullface": "west"}
			}
		}
	],
	"display": {
		"thirdperson_righthand": {
			"rotation": [75, 45, 0],
			"translation": [0, 2.5, 0],
			"scale": [0.375, 0.375, 0.375]
		},
		"thirdperson_lefthand": {
			"rotation": [75, 45, 0],
			"translation": [0, 2.5, 0],
			"scale": [0.375, 0.375, 0.375]
		},
		"firstperson_righthand": {
			"rotation": [0, 45, 0],
			"scale": [0.4, 0.4, 0.4]
		},
		"firstperson_lefthand": {
			"rotation": [0, -135, 0],
			"scale": [0.4, 0.4, 0.4]
		},
		"ground": {
			"translation": [0, 3, 0],
			"scale": [0.25, 0.25, 0.25]
		},
		"gui": {
			"rotation": [30, -135, 0],
			"scale": [0.625, 0.625, 0.625]
		},
		"fixed": {
			"scale": [0.5, 0.5, 0.5]
		}
	},
	"groups": [
		0,
		{
			"name": "warts_top",
			"origin": [10, 16, 8],
			"color": 0,
			"children": [
				{
					"name": "wart",
					"origin": [10, 16, 8],
					"color": 0,
					"children": [1, 2, 3, 4, 5]
				},
				{
					"name": "wart",
					"origin": [10, 16, 8],
					"color": 0,
					"children": [6, 7, 8, 9, 10]
				}
			]
		},
		{
			"name": "warts_bottom",
			"origin": [10, 16, 8],
			"color": 0,
			"children": [
				{
					"name": "wart",
					"origin": [10, 16, 8],
					"color": 0,
					"children": [11, 12, 13, 14, 15]
				},
				{
					"name": "wart",
					"origin": [10, 16, 8],
					"color": 0,
					"children": [16, 17, 18, 19, 20]
				}
			]
		},
		{
			"name": "warts_north",
			"origin": [10, 16, 8],
			"color": 0,
			"children": [
				{
					"name": "wart",
					"origin": [10, 16, 8],
					"color": 0,
					"children": [21, 22, 23, 24, 25]
				},
				{
					"name": "wart",
					"origin": [10, 16, 8],
					"color": 0,
					"children": [26, 27, 28, 29, 30]
				}
			]
		},
		{
			"name": "warts_south",
			"origin": [10, 16, 8],
			"color": 0,
			"children": [
				{
					"name": "wart",
					"origin": [10, 16, 8],
					"color": 0,
					"children": [31, 32, 33, 34, 35]
				},
				{
					"name": "wart",
					"origin": [10, 16, 8],
					"color": 0,
					"children": [36, 37, 38, 39, 40]
				}
			]
		},
		{
			"name": "warts_east",
			"origin": [10, 16, 8],
			"color": 0,
			"children": [
				{
					"name": "wart",
					"origin": [10, 16, 8],
					"color": 0,
					"children": [41, 42, 43, 44, 45]
				},
				{
					"name": "wart",
					"origin": [10, 16, 8],
					"color": 0,
					"children": [46, 47, 48, 49, 50]
				}
			]
		},
		{
			"name": "warts_west",
			"origin": [10, 16, 8],
			"color": 0,
			"children": [
				{
					"name": "wart",
					"origin": [10, 16, 8],
					"color": 0,
					"children": [51, 52, 53, 54, 55]
				},
				{
					"name": "wart",
					"origin": [10, 16, 8],
					"color": 0,
					"children": [56, 57, 58, 59, 60]
				}
			]
		}
	]
}