{
	"credit": "Made with Blockbench",
	"ambientocclusion": false,
	"textures": {
		"2": "block/flower_pot_allure",
		"particle": "block/flower_pot_allure",
		"bamboo": "block/bamboo_stalk",
		"leaf": "block/bamboo_singleleaf"
	},
	"elements": [
		{
			"from": [7, 0, 7],
			"to": [9, 16, 9],
			"rotation": {"angle": 22.5, "axis": "y", "origin": [8, 8, 8]},
			"faces": {
				"north": {"uv": [6, 0, 8, 16], "texture": "#bamboo"},
				"east": {"uv": [6, 0, 8, 16], "texture": "#bamboo"},
				"south": {"uv": [6, 0, 8, 16], "texture": "#bamboo"},
				"west": {"uv": [6, 0, 8, 16], "texture": "#bamboo"},
				"up": {"uv": [13, 0, 15, 2], "texture": "#bamboo", "cullface": "up"}
			}
		},
		{
			"from": [0, 2, 8],
			"to": [16, 18, 8],
			"shade": false,
			"rotation": {"angle": 22.5, "axis": "z", "origin": [10, 13, 8]},
			"faces": {
				"north": {"uv": [0, 0, 16, 16], "texture": "#leaf"},
				"south": {"uv": [16, 0, 0, 16], "texture": "#leaf"}
			}
		},
		{
			"from": [8, -2, -1],
			"to": [8, 14, 15],
			"shade": false,
			"rotation": {"angle": -22.5, "axis": "y", "origin": [8, 9, 9]},
			"faces": {
				"east": {"uv": [0, 0, 16, 16], "texture": "#leaf"},
				"west": {"uv": [16, 0, 0, 16], "texture": "#leaf"}
			}
		},
		{
			"from": [7, 0, 0],
			"to": [7, 16, 16],
			"shade": false,
			"rotation": {"angle": 45, "axis": "y", "origin": [7, 11, 7]},
			"faces": {
				"east": {"uv": [16, 0, 0, 16], "texture": "#leaf"},
				"west": {"uv": [0, 0, 16, 16], "texture": "#leaf"}
			}
		},
		{
			"from": [4.5, 4, 4.5],
			"to": [11.5, 6, 6.25],
			"rotation": {"angle": 0, "axis": "y", "origin": [4, 4, 3]},
			"faces": {
				"north": {"uv": [0, 8, 8, 10], "texture": "#2"},
				"east": {"uv": [6, 8, 8, 10], "texture": "#2"},
				"south": {"uv": [0, 9, 8, 11], "texture": "#2"},
				"west": {"uv": [0, 8, 2, 10], "texture": "#2"},
				"up": {"uv": [0, 0, 8, 2], "texture": "#2"},
				"down": {"uv": [0, 9, 8, 11], "rotation": 180, "texture": "#2"}
			}
		},
		{
			"from": [4.5, 4, 9.75],
			"to": [11.5, 6, 11.5],
			"rotation": {"angle": 0, "axis": "y", "origin": [8, 8, 8]},
			"faces": {
				"north": {"uv": [0, 9, 8, 11], "texture": "#2"},
				"east": {"uv": [0, 8, 2, 10], "texture": "#2"},
				"south": {"uv": [0, 8, 8, 10], "texture": "#2"},
				"west": {"uv": [6, 8, 8, 10], "texture": "#2"},
				"up": {"uv": [0, 6, 8, 8], "texture": "#2"},
				"down": {"uv": [0, 9, 8, 11], "texture": "#2"}
			}
		},
		{
			"from": [5, 0, 5],
			"to": [11, 4, 11],
			"rotation": {"angle": 0, "axis": "y", "origin": [7, 0, 7]},
			"faces": {
				"north": {"uv": [1, 10, 7, 14], "texture": "#2"},
				"east": {"uv": [1, 10, 7, 14], "texture": "#2"},
				"south": {"uv": [1, 10, 7, 14], "texture": "#2"},
				"west": {"uv": [1, 10, 7, 14], "texture": "#2"},
				"up": {"uv": [1, 1, 7, 7], "texture": "#2"},
				"down": {"uv": [8, 0, 14, 6], "texture": "#2"}
			}
		},
		{
			"from": [9.75, 4, 6.25],
			"to": [11.5, 6, 9.75],
			"rotation": {"angle": 0, "axis": "y", "origin": [10.625, 5, 8]},
			"faces": {
				"north": {"uv": [6, 8, 8, 10], "texture": "#2"},
				"east": {"uv": [2, 8, 6, 10], "texture": "#2"},
				"south": {"uv": [0, 8, 2, 10], "texture": "#2"},
				"west": {"uv": [2, 9, 6, 11], "texture": "#2"},
				"up": {"uv": [6, 2, 8, 6], "texture": "#2"},
				"down": {"uv": [2, 9, 6, 11], "rotation": 270, "texture": "#2"}
			}
		},
		{
			"from": [4.5, 4, 6.25],
			"to": [6.25, 6, 9.75],
			"rotation": {"angle": 0, "axis": "y", "origin": [4, 4, 6.25]},
			"faces": {
				"north": {"uv": [0, 8, 2, 10], "texture": "#2"},
				"east": {"uv": [2, 9, 6, 11], "texture": "#2"},
				"south": {"uv": [6, 8, 8, 10], "texture": "#2"},
				"west": {"uv": [2, 8, 6, 10], "texture": "#2"},
				"up": {"uv": [0, 2, 2, 6], "texture": "#2"},
				"down": {"uv": [2, 9, 6, 11], "rotation": 90, "texture": "#2"}
			}
		}
	]
}