{
	"format_version": "1.21.6",
	"credit": "Made with Blockbench",
	"ambientocclusion": false,
	"textures": {
		"1": "block/redstone_torch",
		"particle": "block/redstone_torch"
	},
	"elements": [
		{
			"from": [-1.1, 11.4, 6.9],
			"to": [1.1, 13.6, 9.1],
			"shade": false,
			"light_emission": 15,
			"rotation": {"angle": -22.5, "axis": "z", "origin": [0, 3.5, 8]},
			"faces": {
				"north": {"uv": [7, 5, 9, 7], "texture": "#1"},
				"east": {"uv": [7, 5, 9, 7], "texture": "#1"},
				"south": {"uv": [7, 5, 9, 7], "texture": "#1"},
				"west": {"uv": [7, 5, 9, 7], "texture": "#1"},
				"up": {"uv": [7, 3, 9, 5], "texture": "#1"},
				"down": {"uv": [7, 5, 9, 7], "texture": "#1"}
			}
		},
		{
			"from": [1.75, 14.25, 9.75],
			"to": [-1.75, 10.75, 6.25],
			"shade": false,
			"light_emission": 15,
			"rotation": {"angle": -22.5, "axis": "z", "origin": [0, 3.5, 8]},
			"faces": {
				"north": {"uv": [0, 0, 4, 4], "rotation": 180, "texture": "#1"},
				"east": {"uv": [0, 0, 4, 4], "rotation": 180, "texture": "#1"},
				"south": {"uv": [0, 0, 4, 4], "rotation": 180, "texture": "#1"},
				"west": {"uv": [0, 0, 4, 4], "rotation": 180, "texture": "#1"},
				"up": {"uv": [1, 2, 3, 4], "rotation": 180, "texture": "#1"},
				"down": {"uv": [1, 0, 3, 2], "rotation": 180, "texture": "#1"}
			}
		},
		{
			"from": [-1, 3.5, 7],
			"to": [1, 10.75, 9],
			"rotation": {"angle": -22.5, "axis": "z", "origin": [0, 3.5, 8]},
			"faces": {
				"north": {"uv": [7, 7.75, 9, 15], "texture": "#1"},
				"east": {"uv": [7, 7.75, 9, 15], "texture": "#1"},
				"south": {"uv": [7, 7.75, 9, 15], "texture": "#1"},
				"west": {"uv": [7, 7.75, 9, 15], "texture": "#1"},
				"up": {"uv": [0, 4, 2, 6], "texture": "#1"},
				"down": {"uv": [7, 13, 9, 15], "texture": "#1"}
			}
		}
	]
}