{
    "credit": "Made by P4ncake",
    "ambientocclusion": false,
    "textures": {
        "line": "block/redstone_dust_line0_9",
        "particle": "block/redstone_dust_dot_9"
    },
    "elements": [
        {
            "from": [
                6,
                0,
                8
            ],
            "to": [
                10,
                1,
                16
            ],
            "shade": false,
            "faces": {
                "north": {
                    "uv": [
                        6,
                        8,
                        10,
                        9
                    ],
                    "texture": "#line"
                },
                "east": {
                    "uv": [
                        9,
                        8,
                        10,
                        16
                    ],
                    "rotation": 90,
                    "texture": "#line"
                },
                "south": {
                    "uv": [
                        6,
                        8,
                        10,
                        9
                    ],
                    "texture": "#line"
                },
                "west": {
                    "uv": [
                        6,
                        8,
                        7,
                        16
                    ],
                    "rotation": 90,
                    "texture": "#line"
                },
                "up": {
                    "uv": [
                        6,
                        8,
                        10,
                        16
                    ],
                    "texture": "#line"
                },
                "down": {
                    "uv": [
                        6,
                        8,
                        10,
                        16
                    ],
                    "texture": "#line"
                }
            }
        }
    ]
}