{
	"credit": "Made by P4ncake",
	"ambientocclusion": false,
	"textures": {
		"line": "block/redstone_dust_line1",
		"particle": "block/redstone_dust_dot"
	},
	"elements": [
		{
			"from": [6, 0, 0],
			"to": [10, 1, 8],
			"shade": false,
			"faces": {
				"north": {"uv": [6, 0, 10, 1], "texture": "#line", "tintindex": 0},
				"east": {"uv": [6, 0, 7, 8], "rotation": 90, "texture": "#line", "tintindex": 0},
				"south": {"uv": [6, 0, 10, 1], "texture": "#line", "tintindex": 0},
				"west": {"uv": [6, 0, 7, 8], "rotation": 90, "texture": "#line", "tintindex": 0},
				"up": {"uv": [6, 0, 10, 8], "texture": "#line", "tintindex": 0},
				"down": {"uv": [6, 0, 10, 8], "texture": "#line", "tintindex": 0}
			}
		}
	]
}