{
	"credit": "Made with Blockbench",
	"ambientocclusion": false,
	"textures": {
		"2": "block/redstone_torch_off",
		"particle": "block/redstone_torch_off"
	},
	"elements": [
		{
			"from": [7, 0, 7],
			"to": [9, 8, 9],
			"faces": {
				"north": {"uv": [7, 7, 9, 15], "texture": "#2"},
				"east": {"uv": [7, 7, 9, 15], "texture": "#2"},
				"south": {"uv": [7, 7, 9, 15], "texture": "#2"},
				"west": {"uv": [7, 7, 9, 15], "texture": "#2"},
				"up": {"uv": [7, 5, 9, 7], "texture": "#2"},
				"down": {"uv": [7, 13, 9, 15], "texture": "#2"}
			}
		},
		{
			"from": [7, 8, 7],
			"to": [9, 10, 9],
			"shade": false,
			"rotation": {"angle": 0, "axis": "y", "origin": [7, 8, 7]},
			"faces": {
				"north": {"uv": [7, 5, 9, 7], "texture": "#2"},
				"east": {"uv": [7, 5, 9, 7], "texture": "#2"},
				"south": {"uv": [7, 5, 9, 7], "texture": "#2"},
				"west": {"uv": [7, 5, 9, 7], "texture": "#2"},
				"up": {"uv": [7, 3, 9, 5], "texture": "#2"},
				"down": {"uv": [7, 5, 9, 7], "texture": "#2"}
			}
		}
	]
}