{
    "credit": "Made by P4ncake",
    "ambientocclusion": false,
    "textures": {
        "particle": "block/redstone_dust_dot_11",
        "line": "block/redstone_dust_dot_11"
    },
    "elements": [
        {
            "from": [
                5,
                -0.05,
                5
            ],
            "to": [
                11,
                1.05,
                11
            ],
            "shade": false,
            "faces": {
                "north": {
                    "uv": [
                        5,
                        5,
                        11,
                        6
                    ],
                    "texture": "#line"
                },
                "east": {
                    "uv": [
                        5,
                        5,
                        11,
                        6
                    ],
                    "texture": "#line"
                },
                "south": {
                    "uv": [
                        5,
                        5,
                        11,
                        6
                    ],
                    "texture": "#line"
                },
                "west": {
                    "uv": [
                        5,
                        5,
                        11,
                        6
                    ],
                    "texture": "#line"
                },
                "up": {
                    "uv": [
                        5,
                        5,
                        11,
                        11
                    ],
                    "texture": "#line"
                },
                "down": {
                    "uv": [
                        5,
                        5,
                        11,
                        11
                    ],
                    "texture": "#line"
                }
            }
        }
    ]
}