{
    "credit": "Made by P4ncake",
    "ambientocclusion": false,
    "textures": {
        "line": "block/redstone_dust_line1_4",
        "particle": "block/redstone_dust_dot_4"
    },
    "elements": [
        {
            "from": [
                6,
                0,
                0
            ],
            "to": [
                10,
                1,
                8
            ],
            "shade": false,
            "faces": {
                "north": {
                    "uv": [
                        6,
                        0,
                        10,
                        1
                    ],
                    "texture": "#line"
                },
                "east": {
                    "uv": [
                        6,
                        0,
                        7,
                        8
                    ],
                    "rotation": 90,
                    "texture": "#line"
                },
                "south": {
                    "uv": [
                        6,
                        0,
                        10,
                        1
                    ],
                    "texture": "#line"
                },
                "west": {
                    "uv": [
                        6,
                        0,
                        7,
                        8
                    ],
                    "rotation": 90,
                    "texture": "#line"
                },
                "up": {
                    "uv": [
                        6,
                        0,
                        10,
                        8
                    ],
                    "texture": "#line"
                },
                "down": {
                    "uv": [
                        6,
                        0,
                        10,
                        8
                    ],
                    "texture": "#line"
                }
            }
        }
    ]
}