{
	"format_version": "1.21.6",
	"credit": "Made with Blockbench",
	"ambientocclusion": false,
	"textures": {
		"1": "block/redstone_torch",
		"particle": "block/redstone_torch"
	},
	"elements": [
		{
			"from": [7, 0, 7],
			"to": [9, 7.25, 9],
			"faces": {
				"north": {"uv": [7, 7.75, 9, 15], "texture": "#1"},
				"east": {"uv": [7, 7.75, 9, 15], "texture": "#1"},
				"south": {"uv": [7, 7.75, 9, 15], "texture": "#1"},
				"west": {"uv": [7, 7.75, 9, 15], "texture": "#1"},
				"up": {"uv": [0, 4, 2, 6], "texture": "#1"},
				"down": {"uv": [7, 13, 9, 15], "texture": "#1"}
			}
		},
		{
			"from": [9.75, 10.75, 9.75],
			"to": [6.25, 7.25, 6.25],
			"shade": false,
			"light_emission": 15,
			"rotation": {"angle": 0, "axis": "y", "origin": [10, 11, 10]},
			"faces": {
				"north": {"uv": [0, 0, 4, 4], "rotation": 180, "texture": "#1"},
				"east": {"uv": [0, 0, 4, 4], "rotation": 180, "texture": "#1"},
				"south": {"uv": [0, 0, 4, 4], "rotation": 180, "texture": "#1"},
				"west": {"uv": [0, 0, 4, 4], "rotation": 180, "texture": "#1"},
				"up": {"uv": [1, 2, 3, 4], "rotation": 180, "texture": "#1"},
				"down": {"uv": [1, 0, 3, 2], "rotation": 180, "texture": "#1"}
			}
		},
		{
			"from": [6.9, 7.9, 6.9],
			"to": [9.1, 10.1, 9.1],
			"shade": false,
			"light_emission": 15,
			"rotation": {"angle": 0, "axis": "y", "origin": [7, 8, 7]},
			"faces": {
				"north": {"uv": [7, 5, 9, 7], "texture": "#1"},
				"east": {"uv": [7, 5, 9, 7], "texture": "#1"},
				"south": {"uv": [7, 5, 9, 7], "texture": "#1"},
				"west": {"uv": [7, 5, 9, 7], "texture": "#1"},
				"up": {"uv": [7, 3, 9, 5], "texture": "#1"},
				"down": {"uv": [7, 5, 9, 7], "texture": "#1"}
			}
		}
	],
	"gui_light": "front"
}