{
	"credit": "Made with Blockbench",
	"textures": {
		"0": "minecraft:item/map_mansion",
		"1": "minecraft:item/map_opened_back",
		"particle": "minecraft:item/map_mansion"
	},
	"elements": [
		{
			"from": [0, 0, 0],
			"to": [14, 0, 14],
			"faces": {
				"north": {"uv": [0, 0, 15, 0], "texture": "#1"},
				"east": {"uv": [0, 0, 15, 0], "texture": "#1"},
				"south": {"uv": [0, 0, 15, 0], "texture": "#1"},
				"west": {"uv": [0, 0, 15, 0], "texture": "#1"},
				"up": {"uv": [1, 1, 15, 15], "texture": "#0"},
				"down": {"uv": [15, 1, 1, 15], "rotation": 180, "texture": "#1"}
			}
		}
	],
	"gui_light": "front",
	"display": {
		"thirdperson_righthand": {
			"rotation": [104.86, 14.4, 1.63],
			"translation": [0, 0.75, 6.25],
			"scale": [0.6, 0.6, 0.6]
		},
		"thirdperson_lefthand": {
			"rotation": [104.86, 14.4, 1.63],
			"translation": [0, 0.75, 6.25],
			"scale": [0.6, 0.6, 0.6]
		},
		"ground": {
			"rotation": [45, 0, 0],
			"translation": [0, 4, 2.75],
			"scale": [0.5, 0.5, 0.5]
		},
		"gui": {
			"rotation": [75, 0, -30],
			"translation": [4.75, 0.5, 0]
		},
		"head": {
			"rotation": [-80, -180, 0],
			"translation": [-1, 1, -15.5]
		},
		"fixed": {
			"rotation": [-90, 180, 0],
			"translation": [-1, -1.25, -8.25]
		}
	}
}