{
  "variants": {
    "": [
      {"model": "block/variated/short_grass/short_grass_0","weight":1},
      {"model": "block/variated/short_grass/short_grass_2","weight":1},
      {"model": "block/variated/short_grass/short_grass_3","weight":1},
      {"model": "block/variated/short_grass/short_grass_1","weight":1},
      {"model": "block/variated/short_grass/short_grass_4","weight":1}, 
      {"model": "block/variated/short_grass/short_grass_5","weight":1},
      {"model": "block/variated/short_grass/short_grass_6","weight":1},
      {"model": "block/variated/short_grass/short_grass_7","weight":1},
      {"model": "block/variated/short_grass/short_grass_8","weight":1},
      {"model": "block/variated/short_grass/short_grass_9","weight":1},
      {"model": "block/variated/short_grass/short_grass_10","weight":1}, 
      {"model": "block/variated/short_grass/short_grass_11","weight":1}
    ]
  }
}