{
  "variants": {
    "": [
      {"model": "minecraft:block/variated/lily_pad/lily_pad_0","weight":20,"y": 0},
      {"model": "minecraft:block/variated/lily_pad/lily_pad_0","weight":20,"y": 90},
      {"model": "minecraft:block/variated/lily_pad/lily_pad_0","weight":20,"y": 180},
      {"model": "minecraft:block/variated/lily_pad/lily_pad_0","weight":20,"y": 270},
      {"model": "minecraft:block/variated/lily_pad/lily_pad_1","weight":1,"y": 0},
      {"model": "minecraft:block/variated/lily_pad/lily_pad_1","weight":1,"y": 90},
      {"model": "minecraft:block/variated/lily_pad/lily_pad_1","weight":1,"y": 180},
      {"model": "minecraft:block/variated/lily_pad/lily_pad_1","weight":1,"y": 270}
    ]
  }
}