{
	"format_version": "1.21.6",
	"credit": "Made with Blockbench",
	"parent": "block/block",
	"render_type": "minecraft:cutout",
	"textures": {
		"top": "farmersdelight:block/cooking_pot_top",
		"particle": "farmersdelight:block/cooking_pot_side",
		"side": "farmersdelight:block/cooking_pot_side",
		"parts": "farmersdelight:block/cooking_pot_parts",
		"bottom": "farmersdelight:block/cooking_pot_bottom",
		"tray_top": "farmersdelight:block/cooking_pot_tray_top",
		"tray_side": "farmersdelight:block/cooking_pot_tray_side"
	},
	"elements": [
		{
			"name": "pot",
			"from": [2, 0, 2],
			"to": [14, 10, 14],
			"faces": {
				"north": {"uv": [2, 6, 14, 16], "texture": "#side"},
				"east": {"uv": [2, 6, 14, 16], "texture": "#side"},
				"south": {"uv": [2, 6, 14, 16], "texture": "#side"},
				"west": {"uv": [2, 6, 14, 16], "texture": "#side"},
				"up": {"uv": [2, 2, 14, 14], "texture": "#top"},
				"down": {"uv": [2, 2, 14, 14], "texture": "#bottom", "cullface": "down"}
			}
		},
		{
			"name": "spoon",
			"from": [7, 3, 7],
			"to": [9, 15, 9],
			"rotation": {"angle": -22.5, "axis": "z", "origin": [8, 3, 8]},
			"faces": {
				"north": {"uv": [2, 2, 0, 14], "texture": "#parts"},
				"east": {"uv": [0, 2, 2, 14], "texture": "#parts"},
				"south": {"uv": [2, 2, 0, 14], "texture": "#parts"},
				"west": {"uv": [0, 2, 2, 14], "texture": "#parts"},
				"up": {"uv": [0, 0, 2, 2], "texture": "#parts"},
				"down": {"uv": [0, 0, 2, 2], "texture": "#parts"}
			}
		},
		{
			"name": "right handle",
			"from": [14, 7, 5],
			"to": [16, 9, 11],
			"faces": {
				"north": {"uv": [10, 0, 12, 2], "texture": "#parts"},
				"east": {"uv": [4, 2, 10, 4], "texture": "#parts"},
				"south": {"uv": [2, 0, 4, 2], "texture": "#parts"},
				"up": {"uv": [4, 0, 10, 2], "rotation": 90, "texture": "#parts"},
				"down": {"uv": [4, 2, 10, 4], "rotation": 90, "texture": "#parts"}
			}
		},
		{
			"name": "left handle",
			"from": [0, 7, 5],
			"to": [2, 9, 11],
			"faces": {
				"north": {"uv": [2, 0, 4, 2], "texture": "#parts"},
				"south": {"uv": [10, 0, 12, 2], "texture": "#parts"},
				"west": {"uv": [4, 2, 10, 4], "texture": "#parts"},
				"up": {"uv": [4, 0, 10, 2], "rotation": 270, "texture": "#parts"},
				"down": {"uv": [4, 2, 10, 4], "rotation": 270, "texture": "#parts"}
			}
		},
		{
			"name": "tray",
			"from": [0, -16, 0],
			"to": [16, 0, 16],
			"rotation": {"angle": 0, "axis": "y", "origin": [0, -2, 0]},
			"faces": {
				"north": {"uv": [0, 0, 16, 16], "texture": "#tray_side"},
				"east": {"uv": [0, 0, 16, 16], "texture": "#tray_side"},
				"south": {"uv": [0, 0, 16, 16], "texture": "#tray_side"},
				"west": {"uv": [0, 0, 16, 16], "texture": "#tray_side"},
				"up": {"uv": [0, 0, 16, 16], "texture": "#tray_top"}
			}
		},
		{
			"name": "tray_inside",
			"from": [15.998, -16, 0.002],
			"to": [0.002, -1, 15.998],
			"rotation": {"angle": 0, "axis": "y", "origin": [-0.25, -2, 15.75]},
			"faces": {
				"north": {"uv": [0, 1, 16, 16], "texture": "#tray_side"},
				"east": {"uv": [0, 1, 16, 16], "texture": "#tray_side"},
				"south": {"uv": [0, 1, 16, 16], "texture": "#tray_side"},
				"west": {"uv": [0, 1, 16, 16], "texture": "#tray_side"},
				"up": {"uv": [0, 0, 16, 16], "texture": "#tray_top"}
			}
		}
	],
	"groups": [
		{
			"name": "cooking pot",
			"origin": [8, 8, 8],
			"color": 0,
			"children": [0, 1, 2, 3]
		},
		{
			"name": "tray",
			"origin": [8, 8, 8],
			"color": 0,
			"children": [4, 5]
		}
	]
}