{
  "multipart": [
    {
      "apply": [
	  {"model": "minecraft:block/azalea_leaves", "weight":1},
	  {"model": "minecraft:block/azalea_leaves", "weight":1}
	  ]
    },
	
    {
      "apply": [
	  {"model": "minecraft:block/leaves/azalea_leaves_bush1", 	   "weight":1},
	  {"model": "minecraft:block/leaves/azalea_leaves_bush1_flip", "weight":1}]
	},
	{
      "apply": [
	  {"model": "minecraft:block/leaves/azalea_leaves_bush1", 	   "weight":1, "y": 90},
	  {"model": "minecraft:block/leaves/azalea_leaves_bush1_flip", "weight":1, "y": 90}]
    }
  ]
}