{
  "multipart": [
  
    {"apply": {"model": "minecraft:block/leaves/oak_leaves"}, "when": {"persistent": "true"}},
	{"apply": {"model": "minecraft:block/leaves/oak_leaves"}, "when": {"persistent": "false", "distance": "1|2|3|4|5|6"}},
	{"apply": {"model": "minecraft:block/leaves/oak_leaves"}, "when": {"persistent": "false", "distance": "7"}},
  
  
    {
      "apply": [
	  {"model": "minecraft:block/leaves/oak_leaves_bush1", 		"weight":1},
	  {"model": "minecraft:block/leaves/oak_leaves_bush1_flip", "weight":1},
	  {"model": "minecraft:block/leaves/oak_leaves_bush2", 		"weight":1},
	  {"model": "minecraft:block/leaves/oak_leaves_bush2_flip", "weight":1},
	  {"model": "minecraft:block/leaves/oak_leaves_bush3", 		"weight":1},
	  {"model": "minecraft:block/leaves/oak_leaves_bush3_flip", "weight":1}],
      "when": {"persistent": "true"}},
	{
      "apply": [
	  {"model": "minecraft:block/leaves/oak_leaves_bush1", 		"weight":1, "y": 90},
	  {"model": "minecraft:block/leaves/oak_leaves_bush1_flip", "weight":1, "y": 90},
	  {"model": "minecraft:block/leaves/oak_leaves_bush2", 		"weight":1, "y": 90},
	  {"model": "minecraft:block/leaves/oak_leaves_bush2_flip", "weight":1, "y": 90},
	  {"model": "minecraft:block/leaves/oak_leaves_bush3", 		"weight":1, "y": 90},
	  {"model": "minecraft:block/leaves/oak_leaves_bush3_flip", "weight":1, "y": 90}],
      "when": {"persistent": "true"}
    },
	
    {
      "apply": [
	  {"model": "minecraft:block/leaves/oak_leaves_bush1", 		"weight":1},
	  {"model": "minecraft:block/leaves/oak_leaves_bush1_flip", "weight":1},
	  {"model": "minecraft:block/leaves/oak_leaves_bush2", 		"weight":1},
	  {"model": "minecraft:block/leaves/oak_leaves_bush2_flip", "weight":1},
	  {"model": "minecraft:block/leaves/oak_leaves_bush3", 		"weight":1},
	  {"model": "minecraft:block/leaves/oak_leaves_bush3_flip", "weight":1}],
      "when": {"persistent": "false", "distance": "1|2|3|4|5|6"}},
    {
      "apply": [
	  {"model": "minecraft:block/leaves/oak_leaves_bush1", 		"weight":1, "y": 90},
	  {"model": "minecraft:block/leaves/oak_leaves_bush1_flip", "weight":1, "y": 90},
	  {"model": "minecraft:block/leaves/oak_leaves_bush2", 		"weight":1, "y": 90},
	  {"model": "minecraft:block/leaves/oak_leaves_bush2_flip", "weight":1, "y": 90},
	  {"model": "minecraft:block/leaves/oak_leaves_bush3", 		"weight":1, "y": 90},
	  {"model": "minecraft:block/leaves/oak_leaves_bush3_flip", "weight":1, "y": 90}],
      "when": {"persistent": "false", "distance": "1|2|3|4|5|6"}
    },
	
    {
      "apply": [
	  {"model": "minecraft:block/leaves/oak_leaves_bush1", 		"weight":1},
	  {"model": "minecraft:block/leaves/oak_leaves_bush1_flip", "weight":1},
	  {"model": "minecraft:block/leaves/oak_leaves_bush2", 		"weight":1},
	  {"model": "minecraft:block/leaves/oak_leaves_bush2_flip", "weight":1},
	  {"model": "minecraft:block/leaves/oak_leaves_bush3", 		"weight":1},
	  {"model": "minecraft:block/leaves/oak_leaves_bush3_flip", "weight":1}],
      "when": {"persistent": "false", "distance": "7"}},
    {
      "apply": [
	  {"model": "minecraft:block/leaves/oak_leaves_bush1", 		"weight":1, "y": 90},
	  {"model": "minecraft:block/leaves/oak_leaves_bush1_flip", "weight":1, "y": 90},
	  {"model": "minecraft:block/leaves/oak_leaves_bush2", 		"weight":1, "y": 90},
	  {"model": "minecraft:block/leaves/oak_leaves_bush2_flip", "weight":1, "y": 90},
	  {"model": "minecraft:block/leaves/oak_leaves_bush3", 		"weight":1, "y": 90},
	  {"model": "minecraft:block/leaves/oak_leaves_bush3_flip", "weight":1, "y": 90}],
      "when": {"persistent": "false", "distance": "7"}
    }
  ]
}