{
  "multipart": [
    {
      "apply": [
	  {"model": "minecraft:block/leaves/azalea_flower_bottom0", "weight":1},
	  {"model": "minecraft:block/leaves/azalea_flower_bottom1", "weight":1},
	  {"model": "minecraft:block/leaves/azalea_flower_bottom2", "weight":1},
	  {"model": "minecraft:block/leaves/azalea_flower_bottom3", "weight":1},
	  {"model": "minecraft:block/leaves/azalea_flower_bottom4", "weight":1},
      {"model": "minecraft:block/leaves/azalea_flower_bottom5", "weight":1},
	  {"model": "minecraft:block/leaves/azalea_flower_bottom6", "weight":1}
	  ]
    },
	{
      "apply": [
	  {"model": "minecraft:block/leaves/azalea_flower_top6", "weight":1},
	  {"model": "minecraft:block/leaves/azalea_flower_top0", "weight":1},
	  {"model": "minecraft:block/leaves/azalea_flower_top1", "weight":1},
	  {"model": "minecraft:block/leaves/azalea_flower_top2", "weight":1},
	  {"model": "minecraft:block/leaves/azalea_flower_top3", "weight":1},
	  {"model": "minecraft:block/leaves/azalea_flower_top4", "weight":1},
	  {"model": "minecraft:block/leaves/azalea_flower_top5", "weight":1}
	  ]
    },
	{
      "apply": [
	  {"model": "minecraft:block/leaves/azalea_flower_east5", "weight":1},
	  {"model": "minecraft:block/leaves/azalea_flower_east6", "weight":1},
	  {"model": "minecraft:block/leaves/azalea_flower_east0", "weight":1},
	  {"model": "minecraft:block/leaves/azalea_flower_east1", "weight":1},
	  {"model": "minecraft:block/leaves/azalea_flower_east2", "weight":1},
	  {"model": "minecraft:block/leaves/azalea_flower_east3", "weight":1},
	  {"model": "minecraft:block/leaves/azalea_flower_east4", "weight":1}
	  ]
    },
	{
      "apply": [
	  {"model": "minecraft:block/leaves/azalea_flower_north4", "weight":1},
	  {"model": "minecraft:block/leaves/azalea_flower_north5", "weight":1},
	  {"model": "minecraft:block/leaves/azalea_flower_north6", "weight":1},
	  {"model": "minecraft:block/leaves/azalea_flower_north0", "weight":1},
	  {"model": "minecraft:block/leaves/azalea_flower_north1", "weight":1},
	  {"model": "minecraft:block/leaves/azalea_flower_north2", "weight":1},
	  {"model": "minecraft:block/leaves/azalea_flower_north3", "weight":1}
	  ]
    },
	{
      "apply": [
	  {"model": "minecraft:block/leaves/azalea_flower_south3", "weight":1},
	  {"model": "minecraft:block/leaves/azalea_flower_south4", "weight":1},
	  {"model": "minecraft:block/leaves/azalea_flower_south5", "weight":1},
	  {"model": "minecraft:block/leaves/azalea_flower_south6", "weight":1},
	  {"model": "minecraft:block/leaves/azalea_flower_south0", "weight":1},
	  {"model": "minecraft:block/leaves/azalea_flower_south1", "weight":1},
	  {"model": "minecraft:block/leaves/azalea_flower_south2", "weight":1}
	  ]
    },
	{
      "apply": [
	  {"model": "minecraft:block/leaves/azalea_flower_west2", "weight":1},
	  {"model": "minecraft:block/leaves/azalea_flower_west3", "weight":1},
	  {"model": "minecraft:block/leaves/azalea_flower_west4", "weight":1},
	  {"model": "minecraft:block/leaves/azalea_flower_west5", "weight":1},
	  {"model": "minecraft:block/leaves/azalea_flower_west6", "weight":1},
	  {"model": "minecraft:block/leaves/azalea_flower_west0", "weight":1},
	  {"model": "minecraft:block/leaves/azalea_flower_west1", "weight":1}
	  ]
    },
	
    {
      "apply": [
	  {"model": "minecraft:block/leaves/azalea_leaves_bush1", 		"weight":1},
	  {"model": "minecraft:block/leaves/azalea_leaves_bush1_flip", "weight":1}]
	},
	{
      "apply": [
	  {"model": "minecraft:block/leaves/azalea_leaves_bush1", 		"weight":1, "y": 90},
	  {"model": "minecraft:block/leaves/azalea_leaves_bush1_flip", "weight":1, "y": 90}]
    }
  ]
}