{
  "multipart": [
    {
      "apply": [
	  {"model": "minecraft:block/leaves/pinecones_optimised/spruce_leaves_pinecone0", "weight":16},
	  {"model": "minecraft:block/leaves/pinecones_optimised/spruce_leaves_pinecone1", "weight":1},
	  {"model": "minecraft:block/leaves/pinecones_optimised/spruce_leaves_pinecone2", "weight":1},
	  {"model": "minecraft:block/leaves/pinecones_optimised/spruce_leaves_pinecone3", "weight":1},
	  {"model": "minecraft:block/leaves/pinecones_optimised/spruce_leaves_pinecone4", "weight":1},
	  {"model": "minecraft:block/leaves/pinecones_optimised/spruce_leaves_pinecone5", "weight":1},
	  {"model": "minecraft:block/leaves/pinecones_optimised/spruce_leaves_pinecone7", "weight":1}
	  ],
	  "when": {"persistent": "false"}
    },
    {"apply": {"model": "minecraft:block/leaves/spruce_leaves"}, "when": {"persistent": "true"}},
	{"apply": {"model": "minecraft:block/leaves/natural/spruce_leaves"}, "when": {"persistent": "false", "distance": "1|2|3|4|5|6"}},
	{"apply": {"model": "minecraft:block/leaves/natural/spruce_leaves"}, "when": {"persistent": "false", "distance": "7"}},
  
  
  
  
      {"apply": {"model": "minecraft:block/leaves/spruce_leaves_bush_cross1", 	"weight":1},
      "when": {"persistent": "true"}},
	  {"apply": {"model": "minecraft:block/leaves/spruce_leaves_bush_cross1", 	"weight":1, "y": 90},
      "when": {"persistent": "true"}},
	  
	  {"apply": [
	  {"model": "minecraft:block/leaves/spruce_leaves_bush_side1", 		"weight":1},
	  {"model": "minecraft:block/leaves/spruce_leaves_bush_side2", 		"weight":1},
	  {"model": "minecraft:block/leaves/spruce_leaves_bush_side3", 		"weight":1}],
      "when": {"persistent": "true"}},
	  {"apply": [
	  {"model": "minecraft:block/leaves/spruce_leaves_bush_side1", 		"weight":1, "y": 90},
	  {"model": "minecraft:block/leaves/spruce_leaves_bush_side2", 		"weight":1, "y": 90},
	  {"model": "minecraft:block/leaves/spruce_leaves_bush_side3", 		"weight":1, "y": 90}],
      "when": {"persistent": "true"}},
	  {"apply": [
	  {"model": "minecraft:block/leaves/spruce_leaves_bush_side1", 		"weight":1, "y": 180},
	  {"model": "minecraft:block/leaves/spruce_leaves_bush_side2", 		"weight":1, "y": 180},
	  {"model": "minecraft:block/leaves/spruce_leaves_bush_side3", 		"weight":1, "y": 180}],
      "when": {"persistent": "true"}},
	  {"apply": [
	  {"model": "minecraft:block/leaves/spruce_leaves_bush_side1", 		"weight":1, "y": 270},
	  {"model": "minecraft:block/leaves/spruce_leaves_bush_side2", 		"weight":1, "y": 270},
	  {"model": "minecraft:block/leaves/spruce_leaves_bush_side3", 		"weight":1, "y": 270}],
      "when": {"persistent": "true"}},
	  
	  
	  
	  
      {"apply": {"model": "minecraft:block/leaves/spruce_leaves_bush_cross1", 	"weight":1},
      "when": {"persistent": "false", "distance": "1|2|3|4|5|6"}},
	  {"apply": {"model": "minecraft:block/leaves/spruce_leaves_bush_cross1", 	"weight":1, "y": 90},
      "when": {"persistent": "false", "distance": "1|2|3|4|5|6"}},
	  
	  {"apply": [
	  {"model": "minecraft:block/leaves/spruce_leaves_bush_side1", 		"weight":1},
	  {"model": "minecraft:block/leaves/spruce_leaves_bush_side2", 		"weight":1},
	  {"model": "minecraft:block/leaves/spruce_leaves_bush_side3", 		"weight":1}],
      "when": {"persistent": "false", "distance": "1|2|3|4|5|6"}},
	  {"apply": [
	  {"model": "minecraft:block/leaves/spruce_leaves_bush_side1", 		"weight":1, "y": 90},
	  {"model": "minecraft:block/leaves/spruce_leaves_bush_side2", 		"weight":1, "y": 90},
	  {"model": "minecraft:block/leaves/spruce_leaves_bush_side3", 		"weight":1, "y": 90}],
      "when": {"persistent": "false", "distance": "1|2|3|4|5|6"}},
	  {"apply": [
	  {"model": "minecraft:block/leaves/spruce_leaves_bush_side1", 		"weight":1, "y": 180},
	  {"model": "minecraft:block/leaves/spruce_leaves_bush_side2", 		"weight":1, "y": 180},
	  {"model": "minecraft:block/leaves/spruce_leaves_bush_side3", 		"weight":1, "y": 180}],
      "when": {"persistent": "false", "distance": "1|2|3|4|5|6"}},
	  {"apply": [
	  {"model": "minecraft:block/leaves/spruce_leaves_bush_side1", 		"weight":1, "y": 270},
	  {"model": "minecraft:block/leaves/spruce_leaves_bush_side2", 		"weight":1, "y": 270},
	  {"model": "minecraft:block/leaves/spruce_leaves_bush_side3", 		"weight":1, "y": 270}],
      "when": {"persistent": "false", "distance": "1|2|3|4|5|6"}},
	  
	  
	  
	  
      {"apply": {"model": "minecraft:block/leaves/spruce_leaves_bush_cross1", 	"weight":1},
      "when": {"persistent": "false", "distance": "7"}},
	  {"apply": {"model": "minecraft:block/leaves/spruce_leaves_bush_cross1", 	"weight":1, "y": 90},
      "when": {"persistent": "false", "distance": "7"}},

	  {"apply": [
	  {"model": "minecraft:block/leaves/spruce_leaves_bush_side1", 		"weight":1},
	  {"model": "minecraft:block/leaves/spruce_leaves_bush_side2", 		"weight":1},
	  {"model": "minecraft:block/leaves/spruce_leaves_bush_side3", 		"weight":1}],
      "when": {"persistent": "false", "distance": "7"}},
	  {"apply": [
	  {"model": "minecraft:block/leaves/spruce_leaves_bush_side1", 		"weight":1, "y": 90},
	  {"model": "minecraft:block/leaves/spruce_leaves_bush_side2", 		"weight":1, "y": 90},
	  {"model": "minecraft:block/leaves/spruce_leaves_bush_side2", 		"weight":1, "y": 90}],
      "when": {"persistent": "false", "distance": "7"}},
	  {"apply": [
	  {"model": "minecraft:block/leaves/spruce_leaves_bush_side1", 		"weight":1, "y": 180},
	  {"model": "minecraft:block/leaves/spruce_leaves_bush_side2", 		"weight":1, "y": 180},
	  {"model": "minecraft:block/leaves/spruce_leaves_bush_side3", 		"weight":1, "y": 180}],
      "when": {"persistent": "false", "distance": "7"}},
	  {"apply": [
	  {"model": "minecraft:block/leaves/spruce_leaves_bush_side1", 		"weight":1, "y": 270},
	  {"model": "minecraft:block/leaves/spruce_leaves_bush_side2", 		"weight":1, "y": 270},
	  {"model": "minecraft:block/leaves/spruce_leaves_bush_side3", 		"weight":1, "y": 270}],
      "when": {"persistent": "false", "distance": "7"}}
  ]
}