{
  "variants": {
    "":[
	  { "model": "minecraft:block/cobblestone_1/0", "weight": 25},
	  { "model": "minecraft:block/cobblestone_1/1", "weight": 25},
	  { "model": "minecraft:block/cobblestone_1/2", "weight": 25},
	  { "model": "minecraft:block/cobblestone_1/3", "weight": 25},
	  { "model": "minecraft:block/cobblestone_1/4", "weight": 25},
	  { "model": "minecraft:block/cobblestone_1/5", "weight": 25},
	  { "model": "minecraft:block/cobblestone_1/6", "weight": 25},
	  { "model": "minecraft:block/cobblestone_1/7", "weight": 25},
	  { "model": "minecraft:block/cobblestone_1/8", "weight": 25},
	  { "model": "minecraft:block/cobblestone_1/9", "weight": 25},
	  { "model": "minecraft:block/cobblestone_1/10", "weight": 25},
	  { "model": "minecraft:block/cobblestone_1/11", "weight": 25},
	  { "model": "minecraft:block/cobblestone_1/12", "weight": 25},
	  { "model": "minecraft:block/cobblestone_1/13", "weight": 25},
	  { "model": "minecraft:block/cobblestone_1/14", "weight": 25},
	  { "model": "minecraft:block/cobblestone_1/15", "weight": 25},
	  { "model": "minecraft:block/cobblestone_1/16", "weight": 25},
	  { "model": "minecraft:block/cobblestone_1/17", "weight": 25},
	  { "model": "minecraft:block/cobblestone_1/18", "weight": 25},
	  
	  { "model": "minecraft:block/cobblestone_1a/0", "weight": 25},
	  { "model": "minecraft:block/cobblestone_1a/1", "weight": 25},
	  { "model": "minecraft:block/cobblestone_1a/2", "weight": 25},
	  { "model": "minecraft:block/cobblestone_1a/3", "weight": 25},
	  { "model": "minecraft:block/cobblestone_1a/4", "weight": 25},
	  { "model": "minecraft:block/cobblestone_1a/5", "weight": 25},
	  { "model": "minecraft:block/cobblestone_1a/6", "weight": 25},
	  { "model": "minecraft:block/cobblestone_1a/7", "weight": 25},
	  { "model": "minecraft:block/cobblestone_1a/8", "weight": 25},
	  { "model": "minecraft:block/cobblestone_1a/9", "weight": 25},
	  { "model": "minecraft:block/cobblestone_1a/10", "weight": 25},
	  { "model": "minecraft:block/cobblestone_1a/11", "weight": 25},
	  { "model": "minecraft:block/cobblestone_1a/12", "weight": 25},
	  { "model": "minecraft:block/cobblestone_1a/13", "weight": 25},
	  { "model": "minecraft:block/cobblestone_1a/14", "weight": 25},
	  { "model": "minecraft:block/cobblestone_1a/15", "weight": 25},
	  { "model": "minecraft:block/cobblestone_1a/16", "weight": 25},
	  { "model": "minecraft:block/cobblestone_1a/17", "weight": 25},
	  { "model": "minecraft:block/cobblestone_1a/18", "weight": 25},
	  
	  
	  
      { "model": "minecraft:block/cobblestone_2/0", "weight": 3},
	  { "model": "minecraft:block/cobblestone_2/1", "weight": 3},
	  { "model": "minecraft:block/cobblestone_2/2", "weight": 3},
	  { "model": "minecraft:block/cobblestone_2/3", "weight": 3},
	  { "model": "minecraft:block/cobblestone_2/4", "weight": 3},
	  { "model": "minecraft:block/cobblestone_2/5", "weight": 3},
	  { "model": "minecraft:block/cobblestone_2/6", "weight": 3},
	  { "model": "minecraft:block/cobblestone_2/7", "weight": 3},
	  { "model": "minecraft:block/cobblestone_2/8", "weight": 3},
	  { "model": "minecraft:block/cobblestone_2/9", "weight": 3},
	  { "model": "minecraft:block/cobblestone_2/10", "weight": 3},
	  { "model": "minecraft:block/cobblestone_2/11", "weight": 3},
	  { "model": "minecraft:block/cobblestone_2/12", "weight": 3},
	  { "model": "minecraft:block/cobblestone_2/13", "weight": 3},
	  { "model": "minecraft:block/cobblestone_2/14", "weight": 3},
	  { "model": "minecraft:block/cobblestone_2/15", "weight": 3},
	  { "model": "minecraft:block/cobblestone_2/16", "weight": 3},
	  { "model": "minecraft:block/cobblestone_2/17", "weight": 3},
	  { "model": "minecraft:block/cobblestone_2/18", "weight": 3},
	  
	  { "model": "minecraft:block/cobblestone_2a/0", "weight": 3},
	  { "model": "minecraft:block/cobblestone_2a/1", "weight": 3},
	  { "model": "minecraft:block/cobblestone_2a/2", "weight": 3},
	  { "model": "minecraft:block/cobblestone_2a/3", "weight": 3},
	  { "model": "minecraft:block/cobblestone_2a/4", "weight": 3},
	  { "model": "minecraft:block/cobblestone_2a/5", "weight": 3},
	  { "model": "minecraft:block/cobblestone_2a/6", "weight": 3},
	  { "model": "minecraft:block/cobblestone_2a/7", "weight": 3},
	  { "model": "minecraft:block/cobblestone_2a/8", "weight": 3},
	  { "model": "minecraft:block/cobblestone_2a/9", "weight": 3},
	  { "model": "minecraft:block/cobblestone_2a/10", "weight": 3},
	  { "model": "minecraft:block/cobblestone_2a/11", "weight": 3},
	  { "model": "minecraft:block/cobblestone_2a/12", "weight": 3},
	  { "model": "minecraft:block/cobblestone_2a/13", "weight": 3},
	  { "model": "minecraft:block/cobblestone_2a/14", "weight": 3},
	  { "model": "minecraft:block/cobblestone_2a/15", "weight": 3},
	  { "model": "minecraft:block/cobblestone_2a/16", "weight": 3},
	  { "model": "minecraft:block/cobblestone_2a/17", "weight": 3},
	  { "model": "minecraft:block/cobblestone_2a/18", "weight": 3},
	  
	  
	  
	  { "model": "minecraft:block/cobblestone_3/0", "weight": 5},
	  { "model": "minecraft:block/cobblestone_3/1", "weight": 5},
	  { "model": "minecraft:block/cobblestone_3/2", "weight": 5},
	  { "model": "minecraft:block/cobblestone_3/3", "weight": 5},
	  { "model": "minecraft:block/cobblestone_3/4", "weight": 5},
	  { "model": "minecraft:block/cobblestone_3/5", "weight": 5},
	  { "model": "minecraft:block/cobblestone_3/6", "weight": 5},
	  { "model": "minecraft:block/cobblestone_3/7", "weight": 5},
	  { "model": "minecraft:block/cobblestone_3/8", "weight": 5},
	  { "model": "minecraft:block/cobblestone_3/9", "weight": 5},
	  { "model": "minecraft:block/cobblestone_3/10", "weight": 5},
	  { "model": "minecraft:block/cobblestone_3/11", "weight": 5},
	  { "model": "minecraft:block/cobblestone_3/12", "weight": 5},
	  { "model": "minecraft:block/cobblestone_3/13", "weight": 5},
	  { "model": "minecraft:block/cobblestone_3/14", "weight": 5},
	  { "model": "minecraft:block/cobblestone_3/15", "weight": 5},
	  { "model": "minecraft:block/cobblestone_3/16", "weight": 5},
	  { "model": "minecraft:block/cobblestone_3/17", "weight": 5},
	  { "model": "minecraft:block/cobblestone_3/18", "weight": 5},
	  
	  { "model": "minecraft:block/cobblestone_3a/0", "weight": 5},
	  { "model": "minecraft:block/cobblestone_3a/1", "weight": 5},
	  { "model": "minecraft:block/cobblestone_3a/2", "weight": 5},
	  { "model": "minecraft:block/cobblestone_3a/3", "weight": 5},
	  { "model": "minecraft:block/cobblestone_3a/4", "weight": 5},
	  { "model": "minecraft:block/cobblestone_3a/5", "weight": 5},
	  { "model": "minecraft:block/cobblestone_3a/6", "weight": 5},
	  { "model": "minecraft:block/cobblestone_3a/7", "weight": 5},
	  { "model": "minecraft:block/cobblestone_3a/8", "weight": 5},
	  { "model": "minecraft:block/cobblestone_3a/9", "weight": 5},
	  { "model": "minecraft:block/cobblestone_3a/10", "weight": 5},
	  { "model": "minecraft:block/cobblestone_3a/11", "weight": 5},
	  { "model": "minecraft:block/cobblestone_3a/12", "weight": 5},
	  { "model": "minecraft:block/cobblestone_3a/13", "weight": 5},
	  { "model": "minecraft:block/cobblestone_3a/14", "weight": 5},
	  { "model": "minecraft:block/cobblestone_3a/15", "weight": 5},
	  { "model": "minecraft:block/cobblestone_3a/16", "weight": 5},
	  { "model": "minecraft:block/cobblestone_3a/17", "weight": 5},
	  { "model": "minecraft:block/cobblestone_3a/18", "weight": 5},
	  
	  
	  
	  { "model": "minecraft:block/cobblestone_4/0", "weight": 1},
	  { "model": "minecraft:block/cobblestone_4/1", "weight": 1},
	  { "model": "minecraft:block/cobblestone_4/2", "weight": 1},
	  { "model": "minecraft:block/cobblestone_4/3", "weight": 1},
	  { "model": "minecraft:block/cobblestone_4/4", "weight": 1},
	  { "model": "minecraft:block/cobblestone_4/5", "weight": 1},
	  { "model": "minecraft:block/cobblestone_4/6", "weight": 1},
	  { "model": "minecraft:block/cobblestone_4/7", "weight": 1},
	  { "model": "minecraft:block/cobblestone_4/8", "weight": 1},
	  { "model": "minecraft:block/cobblestone_4/9", "weight": 1},
	  { "model": "minecraft:block/cobblestone_4/10", "weight": 1},
	  { "model": "minecraft:block/cobblestone_4/11", "weight": 1},
	  { "model": "minecraft:block/cobblestone_4/12", "weight": 1},
	  { "model": "minecraft:block/cobblestone_4/13", "weight": 1},
	  { "model": "minecraft:block/cobblestone_4/14", "weight": 1},
	  { "model": "minecraft:block/cobblestone_4/15", "weight": 1},
	  { "model": "minecraft:block/cobblestone_4/16", "weight": 1},
	  { "model": "minecraft:block/cobblestone_4/17", "weight": 1},
	  { "model": "minecraft:block/cobblestone_4/18", "weight": 1},
	  
	  { "model": "minecraft:block/cobblestone_4a/0", "weight": 1},
	  { "model": "minecraft:block/cobblestone_4a/1", "weight": 1},
	  { "model": "minecraft:block/cobblestone_4a/2", "weight": 1},
	  { "model": "minecraft:block/cobblestone_4a/3", "weight": 1},
	  { "model": "minecraft:block/cobblestone_4a/4", "weight": 1},
	  { "model": "minecraft:block/cobblestone_4a/5", "weight": 1},
	  { "model": "minecraft:block/cobblestone_4a/6", "weight": 1},
	  { "model": "minecraft:block/cobblestone_4a/7", "weight": 1},
	  { "model": "minecraft:block/cobblestone_4a/8", "weight": 1},
	  { "model": "minecraft:block/cobblestone_4a/9", "weight": 1},
	  { "model": "minecraft:block/cobblestone_4a/10", "weight": 1},
	  { "model": "minecraft:block/cobblestone_4a/11", "weight": 1},
	  { "model": "minecraft:block/cobblestone_4a/12", "weight": 1},
	  { "model": "minecraft:block/cobblestone_4a/13", "weight": 1},
	  { "model": "minecraft:block/cobblestone_4a/14", "weight": 1},
	  { "model": "minecraft:block/cobblestone_4a/15", "weight": 1},
	  { "model": "minecraft:block/cobblestone_4a/16", "weight": 1},
	  { "model": "minecraft:block/cobblestone_4a/17", "weight": 1},
	  { "model": "minecraft:block/cobblestone_4a/18", "weight": 1},
	  
	  
	  
	  { "model": "minecraft:block/cobblestone_5/0", "weight": 20},
	  { "model": "minecraft:block/cobblestone_5/1", "weight": 20},
	  { "model": "minecraft:block/cobblestone_5/2", "weight": 20},
	  { "model": "minecraft:block/cobblestone_5/3", "weight": 20},
	  { "model": "minecraft:block/cobblestone_5/4", "weight": 20},
	  { "model": "minecraft:block/cobblestone_5/5", "weight": 20},
	  { "model": "minecraft:block/cobblestone_5/6", "weight": 20},
	  { "model": "minecraft:block/cobblestone_5/7", "weight": 20},
	  { "model": "minecraft:block/cobblestone_5/8", "weight": 20},
	  { "model": "minecraft:block/cobblestone_5/9", "weight": 20},
	  { "model": "minecraft:block/cobblestone_5/10", "weight": 20},
	  { "model": "minecraft:block/cobblestone_5/11", "weight": 20},
	  { "model": "minecraft:block/cobblestone_5/12", "weight": 20},
	  { "model": "minecraft:block/cobblestone_5/13", "weight": 20},
	  { "model": "minecraft:block/cobblestone_5/14", "weight": 20},
	  { "model": "minecraft:block/cobblestone_5/15", "weight": 20},
	  { "model": "minecraft:block/cobblestone_5/16", "weight": 20},
	  { "model": "minecraft:block/cobblestone_5/17", "weight": 20},
	  { "model": "minecraft:block/cobblestone_5/18", "weight": 20},
	  
	  { "model": "minecraft:block/cobblestone_5a/0", "weight": 20},
	  { "model": "minecraft:block/cobblestone_5a/1", "weight": 20},
	  { "model": "minecraft:block/cobblestone_5a/2", "weight": 20},
	  { "model": "minecraft:block/cobblestone_5a/3", "weight": 20},
	  { "model": "minecraft:block/cobblestone_5a/4", "weight": 20},
	  { "model": "minecraft:block/cobblestone_5a/5", "weight": 20},
	  { "model": "minecraft:block/cobblestone_5a/6", "weight": 20},
	  { "model": "minecraft:block/cobblestone_5a/7", "weight": 20},
	  { "model": "minecraft:block/cobblestone_5a/8", "weight": 20},
	  { "model": "minecraft:block/cobblestone_5a/9", "weight": 20},
	  { "model": "minecraft:block/cobblestone_5a/10", "weight": 20},
	  { "model": "minecraft:block/cobblestone_5a/11", "weight": 20},
	  { "model": "minecraft:block/cobblestone_5a/12", "weight": 20},
	  { "model": "minecraft:block/cobblestone_5a/13", "weight": 20},
	  { "model": "minecraft:block/cobblestone_5a/14", "weight": 20},
	  { "model": "minecraft:block/cobblestone_5a/15", "weight": 20},
	  { "model": "minecraft:block/cobblestone_5a/16", "weight": 20},
	  { "model": "minecraft:block/cobblestone_5a/17", "weight": 20},
	  { "model": "minecraft:block/cobblestone_5a/18", "weight": 20},
	  
	  
	  
	  { "model": "minecraft:block/cobblestone_6/0", "weight": 15},
	  { "model": "minecraft:block/cobblestone_6/1", "weight": 15},
	  { "model": "minecraft:block/cobblestone_6/2", "weight": 15},
	  { "model": "minecraft:block/cobblestone_6/3", "weight": 15},
	  { "model": "minecraft:block/cobblestone_6/4", "weight": 15},
	  { "model": "minecraft:block/cobblestone_6/5", "weight": 15},
	  { "model": "minecraft:block/cobblestone_6/6", "weight": 15},
	  { "model": "minecraft:block/cobblestone_6/7", "weight": 15},
	  { "model": "minecraft:block/cobblestone_6/8", "weight": 15},
	  { "model": "minecraft:block/cobblestone_6/9", "weight": 15},
	  { "model": "minecraft:block/cobblestone_6/10", "weight": 15},
	  { "model": "minecraft:block/cobblestone_6/11", "weight": 15},
	  { "model": "minecraft:block/cobblestone_6/12", "weight": 15},
	  { "model": "minecraft:block/cobblestone_6/13", "weight": 15},
	  { "model": "minecraft:block/cobblestone_6/14", "weight": 15},
	  { "model": "minecraft:block/cobblestone_6/15", "weight": 15},
	  { "model": "minecraft:block/cobblestone_6/16", "weight": 15},
	  { "model": "minecraft:block/cobblestone_6/17", "weight": 15},
	  { "model": "minecraft:block/cobblestone_6/18", "weight": 15},
	  
	  { "model": "minecraft:block/cobblestone_6a/0", "weight": 15},
	  { "model": "minecraft:block/cobblestone_6a/1", "weight": 15},
	  { "model": "minecraft:block/cobblestone_6a/2", "weight": 15},
	  { "model": "minecraft:block/cobblestone_6a/3", "weight": 15},
	  { "model": "minecraft:block/cobblestone_6a/4", "weight": 15},
	  { "model": "minecraft:block/cobblestone_6a/5", "weight": 15},
	  { "model": "minecraft:block/cobblestone_6a/6", "weight": 15},
	  { "model": "minecraft:block/cobblestone_6a/7", "weight": 15},
	  { "model": "minecraft:block/cobblestone_6a/8", "weight": 15},
	  { "model": "minecraft:block/cobblestone_6a/9", "weight": 15},
	  { "model": "minecraft:block/cobblestone_6a/10", "weight": 15},
	  { "model": "minecraft:block/cobblestone_6a/11", "weight": 15},
	  { "model": "minecraft:block/cobblestone_6a/12", "weight": 15},
	  { "model": "minecraft:block/cobblestone_6a/13", "weight": 15},
	  { "model": "minecraft:block/cobblestone_6a/14", "weight": 15},
	  { "model": "minecraft:block/cobblestone_6a/15", "weight": 15},
	  { "model": "minecraft:block/cobblestone_6a/16", "weight": 15},
	  { "model": "minecraft:block/cobblestone_6a/17", "weight": 15},
	  { "model": "minecraft:block/cobblestone_6a/18", "weight": 15},
	  
	  
	  
	  { "model": "minecraft:block/cobblestone_7/0", "weight": 15},
	  { "model": "minecraft:block/cobblestone_7/1", "weight": 15},
	  { "model": "minecraft:block/cobblestone_7/2", "weight": 15},
	  { "model": "minecraft:block/cobblestone_7/3", "weight": 15},
	  { "model": "minecraft:block/cobblestone_7/4", "weight": 15},
	  { "model": "minecraft:block/cobblestone_7/5", "weight": 15},
	  { "model": "minecraft:block/cobblestone_7/6", "weight": 15},
	  { "model": "minecraft:block/cobblestone_7/7", "weight": 15},
	  { "model": "minecraft:block/cobblestone_7/8", "weight": 15},
	  { "model": "minecraft:block/cobblestone_7/9", "weight": 15},
	  { "model": "minecraft:block/cobblestone_7/10", "weight": 15},
	  { "model": "minecraft:block/cobblestone_7/11", "weight": 15},
	  { "model": "minecraft:block/cobblestone_7/12", "weight": 15},
	  { "model": "minecraft:block/cobblestone_7/13", "weight": 15},
	  { "model": "minecraft:block/cobblestone_7/14", "weight": 15},
	  { "model": "minecraft:block/cobblestone_7/15", "weight": 15},
	  { "model": "minecraft:block/cobblestone_7/16", "weight": 15},
	  { "model": "minecraft:block/cobblestone_7/17", "weight": 15},
	  { "model": "minecraft:block/cobblestone_7/18", "weight": 15},
	  
	  { "model": "minecraft:block/cobblestone_7a/0", "weight": 15},
	  { "model": "minecraft:block/cobblestone_7a/1", "weight": 15},
	  { "model": "minecraft:block/cobblestone_7a/2", "weight": 15},
	  { "model": "minecraft:block/cobblestone_7a/3", "weight": 15},
	  { "model": "minecraft:block/cobblestone_7a/4", "weight": 15},
	  { "model": "minecraft:block/cobblestone_7a/5", "weight": 15},
	  { "model": "minecraft:block/cobblestone_7a/6", "weight": 15},
	  { "model": "minecraft:block/cobblestone_7a/7", "weight": 15},
	  { "model": "minecraft:block/cobblestone_7a/8", "weight": 15},
	  { "model": "minecraft:block/cobblestone_7a/9", "weight": 15},
	  { "model": "minecraft:block/cobblestone_7a/10", "weight": 15},
	  { "model": "minecraft:block/cobblestone_7a/11", "weight": 15},
	  { "model": "minecraft:block/cobblestone_7a/12", "weight": 15},
	  { "model": "minecraft:block/cobblestone_7a/13", "weight": 15},
	  { "model": "minecraft:block/cobblestone_7a/14", "weight": 15},
	  { "model": "minecraft:block/cobblestone_7a/15", "weight": 15},
	  { "model": "minecraft:block/cobblestone_7a/16", "weight": 15},
	  { "model": "minecraft:block/cobblestone_7a/17", "weight": 15},
	  { "model": "minecraft:block/cobblestone_7a/18", "weight": 15},
	  
	  
	  
	  { "model": "minecraft:block/cobblestone_8/0", "weight": 15},
	  { "model": "minecraft:block/cobblestone_8/1", "weight": 15},
	  { "model": "minecraft:block/cobblestone_8/2", "weight": 15},
	  { "model": "minecraft:block/cobblestone_8/3", "weight": 15},
	  { "model": "minecraft:block/cobblestone_8/4", "weight": 15},
	  { "model": "minecraft:block/cobblestone_8/5", "weight": 15},
	  { "model": "minecraft:block/cobblestone_8/6", "weight": 15},
	  { "model": "minecraft:block/cobblestone_8/7", "weight": 15},
	  { "model": "minecraft:block/cobblestone_8/8", "weight": 15},
	  { "model": "minecraft:block/cobblestone_8/9", "weight": 15},
	  { "model": "minecraft:block/cobblestone_8/10", "weight": 15},
	  { "model": "minecraft:block/cobblestone_8/11", "weight": 15},
	  { "model": "minecraft:block/cobblestone_8/12", "weight": 15},
	  { "model": "minecraft:block/cobblestone_8/13", "weight": 15},
	  { "model": "minecraft:block/cobblestone_8/14", "weight": 15},
	  { "model": "minecraft:block/cobblestone_8/15", "weight": 15},
	  { "model": "minecraft:block/cobblestone_8/16", "weight": 15},
	  { "model": "minecraft:block/cobblestone_8/17", "weight": 15},
	  { "model": "minecraft:block/cobblestone_8/18", "weight": 15},
	  
	  { "model": "minecraft:block/cobblestone_8a/0", "weight": 15},
	  { "model": "minecraft:block/cobblestone_8a/1", "weight": 15},
	  { "model": "minecraft:block/cobblestone_8a/2", "weight": 15},
	  { "model": "minecraft:block/cobblestone_8a/3", "weight": 15},
	  { "model": "minecraft:block/cobblestone_8a/4", "weight": 15},
	  { "model": "minecraft:block/cobblestone_8a/5", "weight": 15},
	  { "model": "minecraft:block/cobblestone_8a/6", "weight": 15},
	  { "model": "minecraft:block/cobblestone_8a/7", "weight": 15},
	  { "model": "minecraft:block/cobblestone_8a/8", "weight": 15},
	  { "model": "minecraft:block/cobblestone_8a/9", "weight": 15},
	  { "model": "minecraft:block/cobblestone_8a/10", "weight": 15},
	  { "model": "minecraft:block/cobblestone_8a/11", "weight": 15},
	  { "model": "minecraft:block/cobblestone_8a/12", "weight": 15},
	  { "model": "minecraft:block/cobblestone_8a/13", "weight": 15},
	  { "model": "minecraft:block/cobblestone_8a/14", "weight": 15},
	  { "model": "minecraft:block/cobblestone_8a/15", "weight": 15},
	  { "model": "minecraft:block/cobblestone_8a/16", "weight": 15},
	  { "model": "minecraft:block/cobblestone_8a/17", "weight": 15},
	  { "model": "minecraft:block/cobblestone_8a/18", "weight": 15}
    ]
  }
}