{
  "variants": {
    "snowy=false": [
      { "model": "minecraft:block/grass/grass_block/grass_block_001", "y": 0 },
	  { "model": "minecraft:block/grass/grass_block/grass_block_001_test", "y": 0 },
	  { "model": "minecraft:block/grass/grass_block/grass_block_001_test2", "y": 0 },
	  { "model": "minecraft:block/grass/grass_block/grass_block_001_test3", "y": 0 },
	  { "model": "minecraft:block/grass/grass_block/grass_block_001_test4", "y": 0 }
    ],
    "snowy=true": {
      "model": "minecraft:block/grass_block_snow"
    }
  }
}