{
  "variants": {
    "": [
      {"model": "block/netherrack9", "weight": 25, "y": 0,  "x": 0},
	  {"model": "block/netherrack12","weight": 14},
	  {"model": "block/netherrack16","weight": 28},
	  {"model": "block/netherrack17","weight": 15},
	  {"model": "block/netherrack21","weight": 14},
	  {"model": "block/netherrack22","weight": 14},
	  {"model": "block/netherrack23","weight": 6},
	  
	  {"model": "block/netherrack0", "weight": 48},
	  {"model": "block/netherrack7", "weight": 8},
	  {"model": "block/netherrack10","weight": 13},
	  {"model": "block/netherrack11","weight": 13}
    ]
  }
}