{
	"credit": "Made with Blockbench",
	"textures": {
		"1": "block/ladder",
		"particle": "block/ladder"
	},
	"elements": [
		{
			"from": [13, 0, 14],
			"to": [15, 16, 16],
			"shade": false,
			"faces": {
				"north": {"uv": [0.5, 0, 1.5, 8], "texture": "#1"},
				"east": {"uv": [0.5, 0, 1.5, 8], "texture": "#1"},
				"south": {"uv": [0.5, 0, 1.5, 8], "texture": "#1"},
				"west": {"uv": [0.5, 0, 1.5, 8], "texture": "#1"},
				"up": {"uv": [0.5, 0, 1.5, 0.5], "texture": "#1"},
				"down": {"uv": [0.5, 7.5, 1.5, 8], "texture": "#1"}
			}
		},
		{
			"from": [1, 0, 14],
			"to": [3, 16, 16],
			"shade": false,
			"faces": {
				"north": {"uv": [6.5, 0, 7.5, 8], "texture": "#1"},
				"east": {"uv": [6.5, 0, 7.5, 8], "texture": "#1"},
				"south": {"uv": [6.5, 0, 7.5, 8], "texture": "#1"},
				"west": {"uv": [7.5, 0, 6.5, 8], "texture": "#1"},
				"up": {"uv": [7.5, 0, 6.5, 0.5], "texture": "#1"},
				"down": {"uv": [7.5, 7.5, 6.5, 8.201], "texture": "#1"}
			}
		},
		{
			"from": [0.5, 13.5, 13],
			"to": [15.5, 15.3, 14],
			"shade": false,
			"faces": {
				"north": {"uv": [0.5, 8.5, 8.5, 9.5], "texture": "#1"},
				"east": {"uv": [0, 8.5, 0.5, 9.5], "texture": "#1"},
				"south": {"uv": [0.5, 8.5, 8.5, 9.5], "texture": "#1"},
				"west": {"uv": [8.5, 8.5, 9, 9.5], "texture": "#1"},
				"up": {"uv": [8.5, 8, 0.5, 8.5], "texture": "#1"},
				"down": {"uv": [0.5, 9.5, 8.5, 10], "texture": "#1"}
			}
		},
		{
			"from": [0.5, 9.25, 13],
			"to": [15.5, 11.05, 14],
			"shade": false,
			"faces": {
				"north": {"uv": [0.5, 10.5, 8.5, 11.5], "texture": "#1"},
				"east": {"uv": [0, 10.5, 0.5, 11.5], "texture": "#1"},
				"south": {"uv": [0.5, 10.5, 8.5, 11.5], "texture": "#1"},
				"west": {"uv": [8.5, 10.5, 9, 11.5], "texture": "#1"},
				"up": {"uv": [8.5, 10, 0.5, 10.5], "texture": "#1"},
				"down": {"uv": [0.5, 11.5, 8.5, 12], "texture": "#1"}
			}
		},
		{
			"from": [0.5, 5, 13],
			"to": [15.5, 6.8, 14],
			"shade": false,
			"faces": {
				"north": {"uv": [0.5, 12.5, 8.5, 13.5], "texture": "#1"},
				"east": {"uv": [0, 12.5, 0.5, 13.5], "texture": "#1"},
				"south": {"uv": [0.5, 12.5, 8.5, 13.5], "texture": "#1"},
				"west": {"uv": [8.5, 12.5, 9, 13.5], "texture": "#1"},
				"up": {"uv": [8.5, 12, 0.5, 12.5], "texture": "#1"},
				"down": {"uv": [0.5, 13.5, 8.5, 14], "texture": "#1"}
			}
		},
		{
			"from": [0.5, 0.75, 13],
			"to": [15.5, 2.55, 14],
			"shade": false,
			"faces": {
				"north": {"uv": [0.5, 14.5, 8.5, 15.5], "texture": "#1"},
				"east": {"uv": [0, 14.5, 0.5, 15.5], "texture": "#1"},
				"south": {"uv": [0.5, 14.5, 8.5, 15.5], "texture": "#1"},
				"west": {"uv": [8.5, 14.5, 9, 15.5], "texture": "#1"},
				"up": {"uv": [8.5, 14, 0.5, 14.5], "texture": "#1"},
				"down": {"uv": [0.5, 15.5, 8.5, 16], "texture": "#1"}
			}
		}
	],
	"display": {
		"thirdperson_righthand": {
			"rotation": [75, 45, 0],
			"translation": [0, 2.5, 0],
			"scale": [0.375, 0.375, 0.375]
		},
		"thirdperson_lefthand": {
			"rotation": [75, 45, 0],
			"translation": [0, 2.5, 0],
			"scale": [0.375, 0.375, 0.375]
		},
		"firstperson_righthand": {
			"rotation": [0, 11, 0],
			"translation": [0, 3.5, 0],
			"scale": [0.4, 0.4, 0.4]
		},
		"firstperson_lefthand": {
			"rotation": [0, 11, 0],
			"translation": [0, 3.5, 0],
			"scale": [0.4, 0.4, 0.4]
		},
		"ground": {
			"translation": [0, 0.25, 0],
			"scale": [0.24, 0.24, 0.24]
		},
		"gui": {
			"rotation": [30, 135, 0],
			"translation": [-3, -2, 0],
			"scale": [0.79, 0.79, 0.79]
		},
		"head": {
			"translation": [0, 0.75, -15.25]
		},
		"fixed": {
			"translation": [0, 0, -5],
			"scale": [0.62, 0.62, 0.62]
		}
	}
}