{
	"credit": "Made by Vaguely Interesting Fella",
	"ambientocclusion": false,
	"texture_size": [32, 32],
	"textures": {
		"1": "block/lever_base",
		"lever": "block/lever",
		"particle": "block/lever_base"
	},
	"elements": [
		{
			"from": [5, -0.02, 4],
			"to": [11, 2.98, 12],
			"faces": {
				"north": {"uv": [0, 4.5, 1.5, 7.5], "rotation": 90, "texture": "#1"},
				"east": {"uv": [1.5, 3, 5.5, 4.5], "texture": "#1"},
				"south": {"uv": [5.5, 4.5, 7, 7.5], "rotation": 90, "texture": "#1"},
				"west": {"uv": [1.5, 7.5, 5.5, 9], "texture": "#1"},
				"up": {"uv": [1.5, 4.5, 5.5, 7.5], "rotation": 90, "texture": "#1"},
				"down": {"uv": [1.5, 0, 5.5, 3], "rotation": 90, "texture": "#1", "cullface": "down"}
			}
		},
		{
			"from": [7, 1, 7],
			"to": [9, 11, 9],
			"rotation": {"angle": -45, "axis": "x", "origin": [8, 1, 8]},
			"faces": {
				"north": {"uv": [7, 1, 8, 6], "texture": "#1"},
				"east": {"uv": [9, 1, 10, 6], "texture": "#1"},
				"south": {"uv": [10, 1, 11, 6], "texture": "#1"},
				"west": {"uv": [7, 6, 9, 16], "texture": "#lever"},
				"up": {"uv": [8, 0, 9, 1], "texture": "#1"},
				"down": {"uv": [0, 0, 0, 0], "texture": "#1"}
			}
		}
	]
}