{
	"credit": "Made with Blockbench",
	"ambientocclusion": false,
	"textures": {
		"0": "block/red_mushroom",
		"1": "block/dirt",
		"2": "block/flower_pot",
		"particle": "block/flower_pot"
	},
	"elements": [
		{
			"from": [5, 0, 5],
			"to": [6, 6, 11],
			"faces": {
				"north": {"uv": [10, 10, 11, 16], "texture": "#2"},
				"east": {"uv": [5, 10, 11, 16], "texture": "#2"},
				"south": {"uv": [5, 10, 6, 16], "texture": "#2"},
				"west": {"uv": [5, 10, 11, 16], "texture": "#2"},
				"up": {"uv": [5, 5, 6, 11], "texture": "#2"},
				"down": {"uv": [5, 5, 6, 11], "texture": "#2", "cullface": "down"}
			}
		},
		{
			"from": [10, 0, 5],
			"to": [11, 6, 11],
			"faces": {
				"north": {"uv": [5, 10, 6, 16], "texture": "#2"},
				"east": {"uv": [5, 10, 11, 16], "texture": "#2"},
				"south": {"uv": [10, 10, 11, 16], "texture": "#2"},
				"west": {"uv": [5, 10, 11, 16], "texture": "#2"},
				"up": {"uv": [10, 5, 11, 11], "texture": "#2"},
				"down": {"uv": [10, 5, 11, 11], "texture": "#2", "cullface": "down"}
			}
		},
		{
			"from": [6, 0, 5],
			"to": [10, 6, 6],
			"faces": {
				"north": {"uv": [6, 10, 10, 16], "texture": "#2"},
				"east": {"uv": [0, 0, 0, 0], "texture": "#2"},
				"south": {"uv": [6, 10, 10, 16], "texture": "#2"},
				"west": {"uv": [0, 0, 0, 0], "texture": "#2"},
				"up": {"uv": [6, 5, 10, 6], "texture": "#2"},
				"down": {"uv": [6, 10, 10, 11], "texture": "#2", "cullface": "down"}
			}
		},
		{
			"from": [6, 0, 10],
			"to": [10, 6, 11],
			"faces": {
				"north": {"uv": [6, 10, 10, 16], "texture": "#2"},
				"east": {"uv": [0, 0, 0, 0], "texture": "#2"},
				"south": {"uv": [6, 10, 10, 16], "texture": "#2"},
				"west": {"uv": [0, 0, 0, 0], "texture": "#2"},
				"up": {"uv": [6, 10, 10, 11], "texture": "#2"},
				"down": {"uv": [6, 5, 10, 6], "texture": "#2", "cullface": "down"}
			}
		},
		{
			"from": [6, 0, 6],
			"to": [10, 4, 10],
			"faces": {
				"north": {"uv": [0, 0, 0, 0], "texture": "#1"},
				"east": {"uv": [0, 0, 0, 0], "texture": "#1"},
				"south": {"uv": [0, 0, 0, 0], "texture": "#1"},
				"west": {"uv": [0, 0, 0, 0], "texture": "#1"},
				"up": {"uv": [6, 6, 10, 10], "texture": "#1"},
				"down": {"uv": [6, 12, 10, 16], "texture": "#1", "cullface": "down"}
			}
		},
		{
			"from": [6, 7, 6],
			"to": [10, 10, 10],
			"faces": {
				"north": {"uv": [4, 13, 8, 16], "texture": "#0"},
				"east": {"uv": [0, 13, 4, 16], "texture": "#0"},
				"south": {"uv": [12, 13, 16, 16], "texture": "#0"},
				"west": {"uv": [8, 13, 12, 16], "texture": "#0"},
				"up": {"uv": [4, 9, 8, 13], "texture": "#0"},
				"down": {"uv": [8, 9, 12, 13], "texture": "#0"}
			}
		},
		{
			"from": [7, 5, 7],
			"to": [9, 7, 9],
			"faces": {
				"north": {"uv": [0, 10, 2, 12], "texture": "#0"},
				"east": {"uv": [0, 10, 2, 12], "texture": "#0"},
				"south": {"uv": [0, 10, 2, 12], "texture": "#0"},
				"west": {"uv": [0, 10, 2, 12], "texture": "#0"},
				"up": {"uv": [0, 9, 2, 11], "texture": "#0"},
				"down": {"uv": [0, 11, 1, 12], "texture": "#0"}
			}
		},
		{
			"from": [7, 4, 7],
			"to": [9, 5, 9],
			"faces": {
				"north": {"uv": [0, 11, 2, 12], "texture": "#0"},
				"east": {"uv": [0, 11, 2, 12], "texture": "#0"},
				"south": {"uv": [0, 11, 2, 12], "texture": "#0"},
				"west": {"uv": [0, 11, 2, 12], "texture": "#0"},
				"up": {"uv": [0, 9, 2, 11], "texture": "#0"},
				"down": {"uv": [0, 11, 1, 12], "texture": "#0"}
			}
		}
	]
}