{
    "variants": {
        "facing=north,honey_level=0": { "model": "block/beehive" },
        "facing=south,honey_level=0": { "model": "block/beehive", "y": 180 },
        "facing=west,honey_level=0":  { "model": "block/beehive", "y": 270 },
        "facing=east,honey_level=0":  { "model": "block/beehive", "y": 90 },
        "facing=north,honey_level=1": { "model": "block/beehive1" },
        "facing=south,honey_level=1": { "model": "block/beehive1", "y": 180 },
        "facing=west,honey_level=1":  { "model": "block/beehive1", "y": 270 },
        "facing=east,honey_level=1":  { "model": "block/beehive1", "y": 90 },
        "facing=north,honey_level=2": { "model": "block/beehive1" },
        "facing=south,honey_level=2": { "model": "block/beehive1", "y": 180 },
        "facing=west,honey_level=2":  { "model": "block/beehive1", "y": 270 },
        "facing=east,honey_level=2":  { "model": "block/beehive1", "y": 90 },
        "facing=north,honey_level=3": { "model": "block/beehive1" },
        "facing=south,honey_level=3": { "model": "block/beehive1", "y": 180 },
        "facing=west,honey_level=3":  { "model": "block/beehive1", "y": 270 },
        "facing=east,honey_level=3":  { "model": "block/beehive1", "y": 90 },
        "facing=north,honey_level=4": { "model": "block/beehive1" },
        "facing=south,honey_level=4": { "model": "block/beehive1", "y": 180 },
        "facing=west,honey_level=4":  { "model": "block/beehive1", "y": 270 },
        "facing=east,honey_level=4":  { "model": "block/beehive1", "y": 90 },
        "facing=north,honey_level=5": { "model": "block/beehive2" },
        "facing=south,honey_level=5": { "model": "block/beehive2", "y": 180 },
        "facing=west,honey_level=5":  { "model": "block/beehive2", "y": 270 },
        "facing=east,honey_level=5":  { "model": "block/beehive2", "y": 90 }
    }
}
