{
    "variants": {
        "facing=east,half=bottom,shape=straight":  [
		{ "model": "block/brick_stairs", "weight":5 },
		{ "model": "block/brick_stairs2", "weight":3 },
		{ "model": "block/brick_stairs3", "weight":1 },
		{ "model": "block/brick_stairs4", "weight":1 },
		{ "model": "block/brick_stairs5", "weight":3 },
		{ "model": "block/brick_stairs6", "weight":3 }
		],
        "facing=south,half=bottom,shape=straight": [
		{ "model": "block/brick_stairs", "y": 90, "uvlock": true, "weight":5 },
		{ "model": "block/brick_stairs2", "y": 90, "uvlock": true, "weight":3 },
		{ "model": "block/brick_stairs3", "y": 90, "uvlock": true, "weight":1 },
		{ "model": "block/brick_stairs4", "y": 90, "uvlock": true, "weight":1 },
		{ "model": "block/brick_stairs5", "y": 90, "uvlock": true, "weight":3 },
		{ "model": "block/brick_stairs6", "y": 90, "uvlock": true, "weight":3 }
		],
        "facing=west,half=bottom,shape=straight": [
		{ "model": "block/brick_stairs", "y": 180, "uvlock": true, "weight":5 },
		{ "model": "block/brick_stairs2", "y": 180, "uvlock": true, "weight":3 },
		{ "model": "block/brick_stairs3", "y": 180, "uvlock": true, "weight":1 },
		{ "model": "block/brick_stairs4", "y": 180, "uvlock": true, "weight":1 },
		{ "model": "block/brick_stairs5", "y": 180, "uvlock": true, "weight":3 },
		{ "model": "block/brick_stairs6", "y": 180, "uvlock": true, "weight":3 }
		],
        "facing=north,half=bottom,shape=straight": [
		{ "model": "block/brick_stairs", "y": 270, "uvlock": true, "weight":5 },
		{ "model": "block/brick_stairs2", "y": 270, "uvlock": true, "weight":3 },
		{ "model": "block/brick_stairs3", "y": 270, "uvlock": true, "weight":1 },
		{ "model": "block/brick_stairs4", "y": 270, "uvlock": true, "weight":1 },
		{ "model": "block/brick_stairs5", "y": 270, "uvlock": true, "weight":3 },
		{ "model": "block/brick_stairs6", "y": 270, "uvlock": true, "weight":3 }
		],
        "facing=east,half=bottom,shape=outer_right":  { "model": "block/brick_stairs_outer" },
        "facing=west,half=bottom,shape=outer_right":  { "model": "block/brick_stairs_outer", "y": 180, "uvlock": true },
        "facing=south,half=bottom,shape=outer_right": { "model": "block/brick_stairs_outer", "y": 90, "uvlock": true },
        "facing=north,half=bottom,shape=outer_right": { "model": "block/brick_stairs_outer", "y": 270, "uvlock": true },
        "facing=east,half=bottom,shape=outer_left":  { "model": "block/brick_stairs_outer", "y": 270, "uvlock": true },
        "facing=west,half=bottom,shape=outer_left":  { "model": "block/brick_stairs_outer", "y": 90, "uvlock": true },
        "facing=south,half=bottom,shape=outer_left": { "model": "block/brick_stairs_outer" },
        "facing=north,half=bottom,shape=outer_left": { "model": "block/brick_stairs_outer", "y": 180, "uvlock": true },
        "facing=east,half=bottom,shape=inner_right":  { "model": "block/brick_stairs_inner" },
        "facing=west,half=bottom,shape=inner_right":  { "model": "block/brick_stairs_inner", "y": 180, "uvlock": true },
        "facing=south,half=bottom,shape=inner_right": { "model": "block/brick_stairs_inner", "y": 90, "uvlock": true },
        "facing=north,half=bottom,shape=inner_right": { "model": "block/brick_stairs_inner", "y": 270, "uvlock": true },
        "facing=east,half=bottom,shape=inner_left":  { "model": "block/brick_stairs_inner", "y": 270, "uvlock": true },
        "facing=west,half=bottom,shape=inner_left":  { "model": "block/brick_stairs_inner", "y": 90, "uvlock": true },
        "facing=south,half=bottom,shape=inner_left": { "model": "block/brick_stairs_inner" },
        "facing=north,half=bottom,shape=inner_left": { "model": "block/brick_stairs_inner", "y": 180, "uvlock": true },
        "facing=east,half=top,shape=straight":  { "model": "block/brick_stairs", "x": 180, "uvlock": true },
        "facing=west,half=top,shape=straight":  { "model": "block/brick_stairs", "x": 180, "y": 180, "uvlock": true },
        "facing=south,half=top,shape=straight": { "model": "block/brick_stairs", "x": 180, "y": 90, "uvlock": true },
        "facing=north,half=top,shape=straight": { "model": "block/brick_stairs", "x": 180, "y": 270, "uvlock": true },
        "facing=east,half=top,shape=outer_right":  { "model": "block/brick_stairs_outer", "x": 180, "y": 90, "uvlock": true },
        "facing=west,half=top,shape=outer_right":  { "model": "block/brick_stairs_outer", "x": 180, "y": 270, "uvlock": true },
        "facing=south,half=top,shape=outer_right": { "model": "block/brick_stairs_outer", "x": 180, "y": 180, "uvlock": true },
        "facing=north,half=top,shape=outer_right": { "model": "block/brick_stairs_outer", "x": 180, "uvlock": true },
        "facing=east,half=top,shape=outer_left":  { "model": "block/brick_stairs_outer", "x": 180, "uvlock": true },
        "facing=west,half=top,shape=outer_left":  { "model": "block/brick_stairs_outer", "x": 180, "y": 180, "uvlock": true },
        "facing=south,half=top,shape=outer_left": { "model": "block/brick_stairs_outer", "x": 180, "y": 90, "uvlock": true },
        "facing=north,half=top,shape=outer_left": { "model": "block/brick_stairs_outer", "x": 180, "y": 270, "uvlock": true },
        "facing=east,half=top,shape=inner_right":  { "model": "block/brick_stairs_inner", "x": 180, "y": 90, "uvlock": true },
        "facing=west,half=top,shape=inner_right":  { "model": "block/brick_stairs_inner", "x": 180, "y": 270, "uvlock": true },
        "facing=south,half=top,shape=inner_right": { "model": "block/brick_stairs_inner", "x": 180, "y": 180, "uvlock": true },
        "facing=north,half=top,shape=inner_right": { "model": "block/brick_stairs_inner", "x": 180, "uvlock": true },
        "facing=east,half=top,shape=inner_left":  { "model": "block/brick_stairs_inner", "x": 180, "uvlock": true },
        "facing=west,half=top,shape=inner_left":  { "model": "block/brick_stairs_inner", "x": 180, "y": 180, "uvlock": true },
        "facing=south,half=top,shape=inner_left": { "model": "block/brick_stairs_inner", "x": 180, "y": 90, "uvlock": true },
        "facing=north,half=top,shape=inner_left": { "model": "block/brick_stairs_inner", "x": 180, "y": 270, "uvlock": true }
    }
}
