{
    "variants": {
        "": [
		{ "model": "block/brown_mushroom" },
		{ "model": "block/brown_mushroom", "y": 90 },
		{ "model": "block/brown_mushroom", "y": 180 },
		{ "model": "block/brown_mushroom", "y": 270 },
		{ "model": "block/brown_mushroom2" },
		{ "model": "block/brown_mushroom2", "y": 90 },
		{ "model": "block/brown_mushroom2", "y": 180 },
		{ "model": "block/brown_mushroom2", "y": 270 },
		{ "model": "block/brown_mushroom3" },
		{ "model": "block/brown_mushroom3", "y": 90 },
		{ "model": "block/brown_mushroom3", "y": 180 },
		{ "model": "block/brown_mushroom3", "y": 270 },
		{ "model": "block/brown_mushroom4", "y": 90 },
		{ "model": "block/brown_mushroom4", "y": 180 },
		{ "model": "block/brown_mushroom4", "y": 270 },
		{ "model": "block/brown_mushroom5", "y": 90 },
		{ "model": "block/brown_mushroom5", "y": 180 },
		{ "model": "block/brown_mushroom5", "y": 270 }
		]
    }
}
