{
    "variants": {
        "age=0": [
		{ "model": "block/carrots_stage0" },
		{ "model": "block/carrots_stage0", "y": 90 },
		{ "model": "block/carrots_stage0", "y": 180 }
		],
        "age=1": [
		{ "model": "block/carrots_stage1" },
		{ "model": "block/carrots_stage1", "y": 90 },
		{ "model": "block/carrots_stage1", "y": 180 }
		],
        "age=2": [
		{ "model": "block/carrots_stage1" },
		{ "model": "block/carrots_stage1", "y": 90 },
		{ "model": "block/carrots_stage1", "y": 180 }
		],
        "age=3": [
		{ "model": "block/carrots_stage2" },
		{ "model": "block/carrots_stage2", "y": 90 },
		{ "model": "block/carrots_stage2", "y": 180 }
		],
        "age=4": [
		{ "model": "block/carrots_stage3" },
		{ "model": "block/carrots_stage3", "y": 90 },
		{ "model": "block/carrots_stage3", "y": 180 }
		],
        "age=5": [
		{ "model": "block/carrots_stage4" },
		{ "model": "block/carrots_stage4", "y": 90 },
		{ "model": "block/carrots_stage4", "y": 180 }
		],
        "age=6": [
		{ "model": "block/carrots_stage5" },
		{ "model": "block/carrots_stage5", "y": 90 },
		{ "model": "block/carrots_stage5", "y": 180 }
		],
        "age=7": [
		{ "model": "block/carrots_stage7" },
		{ "model": "block/carrots_stage7", "y": 90 },
		{ "model": "block/carrots_stage7", "y": 180 }
		]
    }
}
