{
  "multipart": [
    {
      "apply": {"model": "minecraft:block/chorus_plant_side" },
      "when": {"north": "true" }
    },
    { "apply": {"model": "minecraft:block/chorus_plant_side","uvlock": true,"y": 90 },
      "when": {"east": "true" }
    },
    { "apply": {"model": "minecraft:block/chorus_plant_side","uvlock": true,"y": 180 },
      "when": {"south": "true" }
    },
    { "apply": {"model": "minecraft:block/chorus_plant_side","uvlock": true,"y": 270 },
      "when": {"west": "true" }
    },
    { "apply": {"model": "minecraft:block/chorus_plant_side","uvlock": true,"x": 270 },
      "when": {"up": "true" }
    },
    { "apply": {"model": "minecraft:block/chorus_plant_side","uvlock": true,"x": 90 },
      "when": {"down": "true" }
    },
    { "apply": [
        {  "model": "minecraft:block/chorus_plant_noside3", "weight": 2},
        {  "model": "minecraft:block/chorus_plant_noside1", "weight": 2},
        {  "model": "minecraft:block/chorus_plant_noside2", "weight": 2},
        {  "model": "minecraft:block/chorus_plant_noside", "weight": 4}
      ],
      "when": {"north": "false" }
    },
    { "apply": [
        {  "model": "minecraft:block/chorus_plant_noside3",  "uvlock": true, "weight": 2, "y": 90},
        {  "model": "minecraft:block/chorus_plant_noside",  "uvlock": true, "weight": 4, "y": 90},
        {  "model": "minecraft:block/chorus_plant_noside1",  "uvlock": true, "weight": 2, "y": 90},
        {  "model": "minecraft:block/chorus_plant_noside2",  "uvlock": true, "weight": 2, "y": 90}
      ],
      "when": {"east": "false" }
    },
    { "apply": [
        {  "model": "minecraft:block/chorus_plant_noside1", "uvlock": true, "weight": 2, "y": 180},
        {  "model": "minecraft:block/chorus_plant_noside2", "uvlock": true, "weight": 2, "y": 180},
        {  "model": "minecraft:block/chorus_plant_noside3", "uvlock": true, "weight": 2, "y": 180},
        {  "model": "minecraft:block/chorus_plant_noside", "uvlock": true, "weight": 4, "y": 180}
      ],
      "when": {"south": "false" }
    },
    { "apply": [
        {  "model": "minecraft:block/chorus_plant_noside3", "uvlock": true, "weight": 2, "y": 270},
        {  "model": "minecraft:block/chorus_plant_noside1", "uvlock": true, "weight": 2, "y": 270},
        {  "model": "minecraft:block/chorus_plant_noside2", "uvlock": true, "weight": 2, "y": 270},
        {  "model": "minecraft:block/chorus_plant_noside", "uvlock": true, "weight": 4, "y": 270}
      ],
      "when": {"west": "false" }
    },
    { "apply": [
        {  "model": "minecraft:block/chorus_plant_noside3", "uvlock": true, "weight": 2, "x": 270},
        {  "model": "minecraft:block/chorus_plant_noside2", "uvlock": true, "weight": 2, "x": 270},
        {  "model": "minecraft:block/chorus_plant_noside1", "uvlock": true, "weight": 2, "x": 270},
        {  "model": "minecraft:block/chorus_plant_noside", "uvlock": true, "weight": 4, "x": 270}
      ],
      "when": {"up": "false" }
    },
    { "apply": [
        {  "model": "minecraft:block/chorus_plant_noside1", "uvlock": true, "weight": 2, "x": 90},
        {  "model": "minecraft:block/chorus_plant_noside2", "uvlock": true, "weight": 2, "x": 90},
        {  "model": "minecraft:block/chorus_plant_noside", "uvlock": true, "weight": 4, "x": 90},
        {  "model": "minecraft:block/chorus_plant_noside3", "uvlock": true, "weight": 2, "x": 90}
      ],
      "when": {"down": "false" }
    }
  ]
}