{
  "variants": {
    "": [
       {"model": "minecraft:block/crimson_fungus"},
	  {"model": "minecraft:block/crimson_fungus", "y": 90},
	  {"model": "minecraft:block/crimson_fungus", "y": 180},
	  
	   {"model": "minecraft:block/crimson_fungus2"},
	  {"model": "minecraft:block/crimson_fungus2", "y": 90},
	  {"model": "minecraft:block/crimson_fungus2", "y": 180},
	  
	   {"model": "minecraft:block/crimson_fungus3"},
	  {"model": "minecraft:block/crimson_fungus3", "y": 90},
	  {"model": "minecraft:block/crimson_fungus3", "y": 180},
	  
	   {"model": "minecraft:block/crimson_fungus4"},
	  {"model": "minecraft:block/crimson_fungus4", "y": 90},
	  {"model": "minecraft:block/crimson_fungus4", "y": 180},
	  
	  {"model": "minecraft:block/crimson_fungus5"},
	  {"model": "minecraft:block/crimson_fungus5", "y": 90},
	  {"model": "minecraft:block/crimson_fungus5", "y": 180},
	  
	  {"model": "minecraft:block/crimson_fungus6"},
	  {"model": "minecraft:block/crimson_fungus6", "y": 90},
	  {"model": "minecraft:block/crimson_fungus6", "y": 180},
	  
	  {"model": "minecraft:block/crimson_fungus7"},
	  {"model": "minecraft:block/crimson_fungus7", "y": 90},
	  {"model": "minecraft:block/crimson_fungus7", "y": 180},
	  
	  {"model": "minecraft:block/crimson_fungus8"},
	  {"model": "minecraft:block/crimson_fungus8", "y": 90},
	  {"model": "minecraft:block/crimson_fungus8", "y": 180}
	  ]
  }
}