{
  "variants": {
    "": [
      {"model": "minecraft:block/crimson_nylium"},
	  {"model": "minecraft:block/crimson_nylium", "y": 90},
	  {"model": "minecraft:block/crimson_nylium", "y": 180},
	  {"model": "minecraft:block/crimson_nylium", "y": 270},
	  {"model": "minecraft:block/crimson_nylium2"},
	  {"model": "minecraft:block/crimson_nylium2", "y": 90},
	  {"model": "minecraft:block/crimson_nylium2", "y": 180},
	  {"model": "minecraft:block/crimson_nylium2", "y": 270},
	  {"model": "minecraft:block/crimson_nylium3"},
	  {"model": "minecraft:block/crimson_nylium3", "y": 90},
	  {"model": "minecraft:block/crimson_nylium3", "y": 180},
	  {"model": "minecraft:block/crimson_nylium3", "y": 270}
	  ]
  }
}