{
    "variants": {
        "": [
		{ "model": "block/cyan_concrete"},
		{ "model": "block/cyan_concrete", "y": 90 },
		{ "model": "block/cyan_concrete", "y": 180 },
		{ "model": "block/cyan_concrete", "y": 270 },
		{ "model": "block/cyan_concrete2", "y": 90 },
		{ "model": "block/cyan_concrete2" },
		{ "model": "block/cyan_concrete2", "y": 180 },
		{ "model": "block/cyan_concrete2", "y": 270 },
		{ "model": "block/cyan_concrete3" },
		{ "model": "block/cyan_concrete3", "y": 90 },
		{ "model": "block/cyan_concrete3", "y": 180 },
		{ "model": "block/cyan_concrete3", "y": 270 }
		]
    }
}
