{
    "variants": {
        "type=bottom": [
		{ "model": "block/dark_prismarine_slab"},
		{ "model": "block/dark_prismarine_slab2"},
		{ "model": "block/dark_prismarine_slab3"},
		{ "model": "block/dark_prismarine_slab4"},
		{ "model": "block/dark_prismarine_slab5"}
		],
        "type=top": [
		{ "model": "block/dark_prismarine_slab_top"},
		{ "model": "block/dark_prismarine_slab_top2"},
		{ "model": "block/dark_prismarine_slab_top3"},
		{ "model": "block/dark_prismarine_slab_top4"},
		{ "model": "block/dark_prismarine_slab_top5"}
		],
        "type=double": { "model": "block/dark_prismarine_roof" }
    }
}
