{
    "variants": {
        "type=bottom": [
		{ "model": "block/dark_prismarine_slab", "weight": 50 },
		{ "model": "block/dark_prismarine_slab2", "weight": 3 },
		{ "model": "block/dark_prismarine_slab3", "weight": 7 },
		{ "model": "block/dark_prismarine_slab4", "weight": 10 },
		{ "model": "block/dark_prismarine_slab5" }
		],
        "type=top": [
		{ "model": "block/dark_prismarine_slab_top", "weight": 50 },
		{ "model": "block/dark_prismarine_slab_top2", "weight": 3 },
		{ "model": "block/dark_prismarine_slab_top3", "weight": 7 },
		{ "model": "block/dark_prismarine_slab_top4", "weight": 10 },
		{ "model": "block/dark_prismarine_slab_top5", "weight": 30 }
		],
        "type=double": { "model": "block/dark_prismarine_roof" }
    }
}
