{
  "variants": {
    "type=bottom": {"model": "minecraft:block/deepslate_brick_slab"},
    "type=double": [
	{"model": "minecraft:block/deepslate_bricks_slab", "weight":4 },
	{"model": "minecraft:block/deepslate_bricks_slab2", "weight":4 },
	{"model": "minecraft:block/deepslate_bricks_slab3", "weight":4 },
	{"model": "minecraft:block/deepslate_bricks_slab4", "weight":1 },
	{"model": "minecraft:block/deepslate_bricks_slab5", "weight":1 }
	],
    "type=top": {"model": "minecraft:block/deepslate_brick_slab_top"}
  }
}