{
  "variants": {
    "axis=x": [
      {"model": "minecraft:block/deepslate","x": 90,"y": 90},
	  {"model": "minecraft:block/deepslate2","x": 90,"y": 90},
	  {"model": "minecraft:block/deepslate3","x": 90,"y": 90},
	  {"model": "minecraft:block/deepslate4","x": 90,"y": 90}
    ],
    "axis=y": [
      {"model": "minecraft:block/deepslate"},
	  {"model": "minecraft:block/deepslate2"},
	  {"model": "minecraft:block/deepslate3"},
	  {"model": "minecraft:block/deepslate4"},
      
      {"model": "minecraft:block/deepslate","y": 180},
	  {"model": "minecraft:block/deepslate2","y": 180},
	  {"model": "minecraft:block/deepslate3","y": 180},
	  {"model": "minecraft:block/deepslate4","y": 180}
    ],
    "axis=z": [
      {"model": "minecraft:block/deepslate","x": 90},
      {"model": "minecraft:block/deepslate2","x": 90},
	  {"model": "minecraft:block/deepslate3","x": 90},
      {"model": "minecraft:block/deepslate4","x": 90},
	  
	  {"model": "minecraft:block/deepslate","x": 90,"y": 180},
      {"model": "minecraft:block/deepslate2","x": 90,"y": 180},
	  {"model": "minecraft:block/deepslate3","x": 90,"y": 180},
      {"model": "minecraft:block/deepslate4","x": 90,"y": 180}
    ]
  }
}