{
    "variants": {
        "": [
		{ "model": "block/end_stone", "weight": 3 },
		{ "model": "block/end_stone", "y":90, "weight": 3 },
		{ "model": "block/end_stone", "y":180, "weight": 3 },
		{ "model": "block/end_stone", "y":270, "weight": 3 },
		{ "model": "block/end_stone2" },
		{ "model": "block/end_stone2", "y":90, "weight": 1 },
		{ "model": "block/end_stone2", "y":180, "weight": 1 },
		{ "model": "block/end_stone2", "y":270, "weight": 1 },
		{ "model": "block/end_stone3" },
		{ "model": "block/end_stone3", "y":90, "weight": 2 },
		{ "model": "block/end_stone3", "y":180, "weight": 2 },
		{ "model": "block/end_stone3", "y":270, "weight": 2 }
		]
    }
}
