{
    "multipart": [
        {   "apply": { "model": "block/jungle_fence_post" }},
        {   "when": { "north": "true" },
            "apply": { "model": "block/jungle_fence_side"}
        },
        {   "when": { "east": "true" },
            "apply": { "model": "block/jungle_fence_side", "y": 90}
        },
        {   "when": { "south": "true" },
            "apply": { "model": "block/jungle_fence_side_mirrored", "y": 180}
        },
        {   "when": { "west": "true" },
            "apply": { "model": "block/jungle_fence_side_mirrored", "y": 270}
        }
    ]
}
