{
  "multipart": [
    {
      "when": {  "facing": "north","has_book": "true"},
      "apply": {  "model": "minecraft:block/lectern_with_book"}
    },
    {
      "when": {  "facing": "east","has_book": "true"},
      "apply": {  "model": "minecraft:block/lectern_with_book",  "y": 90}
    },
    {
      "when": {  "facing": "south","has_book": "true"},
      "apply": {  "model": "minecraft:block/lectern_with_book",  "y": 180}
    },
    {
      "when": {  "facing": "west","has_book": "true"},
      "apply": {  "model": "minecraft:block/lectern_with_book",  "y": 270}
    },
	{
      "when": {  "facing": "north","has_book": "false"},
      "apply": {  "model": "minecraft:block/lectern"}
    },
    {
      "when": {  "facing": "east","has_book": "false"},
      "apply": {  "model": "minecraft:block/lectern",  "y": 90}
    },
    {
      "when": {  "facing": "south","has_book": "false"},
      "apply": {  "model": "minecraft:block/lectern",  "y": 180}
    },
    {
      "when": {  "facing": "west","has_book": "false"},
      "apply": {  "model": "minecraft:block/lectern",  "y": 270}
    }
  ]
}