{
    "variants": {
        "": [
		{ "model": "block/light_gray_terracotta", "weight": 55 },
		{ "model": "block/light_gray_terracotta", "weight": 55, "x": 180, "y": 180 },
		{ "model": "block/light_gray_terracotta5", "weight": 55 },
		{ "model": "block/light_gray_terracotta5", "weight": 55, "x": 180, "y": 180 },
		{ "model": "block/light_gray_terracotta2", "weight": 3 },
		{ "model": "block/light_gray_terracotta2", "weight": 3, "x": 180 },
		{ "model": "block/light_gray_terracotta3", "weight": 1 },
		{ "model": "block/light_gray_terracotta3", "weight": 1, "x": 180 },
		{ "model": "block/light_gray_terracotta4", "weight": 1, "x": 180 }
		]
    }
}
