{
    "variants": {
        "type=bottom": [
		{ "model": "block/mossy_cobblestone_slab" },
		{ "model": "block/mossy_cobblestone_slab2" },
		{ "model": "block/mossy_cobblestone_slab3" }
		],
        "type=top": [
		{ "model": "block/mossy_cobblestone_slab_top" },
		{ "model": "block/mossy_cobblestone_slab_top2" },
		{ "model": "block/mossy_cobblestone_slab_top3" }
		],
        "type=double": [
		{ "model": "block/mossy_cobblestone"},
		{ "model": "block/mossy_cobblestone2"},
		{ "model": "block/mossy_cobblestone3"}
		]
    }
}
